id_partner,marketplace,country_code,is_fbn,item_nr,sku,brand_en,title_en,purchase_item_nr,awb_nr,base_price,invoice_price,item_status,cancel_reason,ordered_date,shipped_date,delivered_date,cancelled_date,returned_date,estimated_shipping_date
76776,noon,AE,FBN,NAEG50050822620-1,N53425989A,Beauty of Joseon,Green Plum Refreshing Toner Multicolour 150ml,NAEG50050822620-1-P1,,52,52,Delivered,,05-May-24,05-May-24,06-May-24,,,06-May-24
76776,noon,AE,FBN,NAEG50002818673-1,N53425989A,Beauty of Joseon,Green Plum Refreshing Toner Multicolour 150ml,NAEG50002818673-1-P1,,52,52,Delivered,,05-May-24,05-May-24,06-May-24,,,06-May-24
76776,noon,AE,FBN,NAEG50020145100-1,N53425989A,Beauty of Joseon,Green Plum Refreshing Toner Multicolour 150ml,NAEG50020145100-1-P1,,52,44.2,Delivered,,05-May-24,05-May-24,06-May-24,,,06-May-24
76776,noon,AE,FBN,NAEG50058619609-1,N53425989A,Beauty of Joseon,Green Plum Refreshing Toner Multicolour 150ml,NAEG50058619609-1-P1,,52,52,Delivered,,06-May-24,06-May-24,07-May-24,,,07-May-24
76776,noon,AE,FBN,NAEG50080041189-1,N53426026A,Beauty of Joseon,Ginseng Moist Sun Serum 50ml,NAEG50080041189-1-P1,,52,52,Delivered,,07-May-24,07-May-24,08-May-24,,,07-May-24
76776,noon,AE,FBN,NAEG50029301053-1,N53425989A,Beauty of Joseon,Green Plum Refreshing Toner Multicolour 150ml,NAEG50029301053-1-P1,,52,52,Delivered,,10-May-24,10-May-24,12-May-24,,,12-May-24
76776,noon,AE,FBN,NAEG50017774356-2,N70012839V-1,Beauty of Joseon,Red Bean Water Gel Moisturizer 100ml,NAEG50017774356-2-P1,,52,52,Delivered,,11-May-24,11-May-24,13-May-24,,,13-May-24
76776,noon,AE,FBN,NAEG50028750715-1,N70012839V-1,Beauty of Joseon,Red Bean Water Gel Moisturizer 100ml,NAEG50028750715-1-P1,,52,52,Delivered,,11-May-24,11-May-24,11-May-24,,,11-May-24
76776,noon,AE,FBN,NAEG50025338243-3,N70012839V-1,Beauty of Joseon,Red Bean Water Gel Moisturizer 100ml,NAEG50025338243-3-P1,,52,52,Delivered,,12-May-24,13-May-24,13-May-24,,,13-May-24
76776,noon,AE,FBN,NAEG50005439372-1,N53425989A,Beauty of Joseon,Green Plum Refreshing Toner Multicolour 150ml,NAEG50005439372-1-P1,,52,52,Delivered,,12-May-24,12-May-24,14-May-24,,,13-May-24
76776,noon,AE,FBN,NAEG50081806700-1,N70012839V-1,Beauty of Joseon,Red Bean Water Gel Moisturizer 100ml,NAEG50081806700-1-P1,,52,52,Delivered,,13-May-24,13-May-24,13-May-24,,,13-May-24
76776,noon,AE,FBN,NAEG50073954077-1,N70012839V-1,Beauty of Joseon,Red Bean Water Gel Moisturizer 100ml,NAEG50073954077-1-P1,,52,52,Delivered,,13-May-24,13-May-24,13-May-24,,,13-May-24
76776,noon,AE,FBN,NAEG50089332495-3,N70012839V-1,Beauty of Joseon,Red Bean Water Gel Moisturizer 100ml,NAEG50089332495-3-P1,,53.35,53.35,Delivered,,14-May-24,15-May-24,16-May-24,,,16-May-24
76776,noon,AE,FBN,NAEG50011361314-1,N70012839V-1,Beauty of Joseon,Red Bean Water Gel Moisturizer 100ml,NAEG50011361314-1-P1,,52,52,Delivered,,14-May-24,14-May-24,15-May-24,,,15-May-24
76776,noon,AE,FBN,NAEG50069703600-10,N70012839V-1,Beauty of Joseon,Red Bean Water Gel Moisturizer 100ml,NAEG50069703600-10-P1,,52,52,Delivered,,14-May-24,14-May-24,15-May-24,,,15-May-24
76776,noon,AE,FBN,NAEG50069703600-11,N70012839V-1,Beauty of Joseon,Red Bean Water Gel Moisturizer 100ml,NAEG50069703600-11-P1,,52,52,Delivered,,14-May-24,14-May-24,15-May-24,,,15-May-24
76776,noon,AE,FBN,NAEG50069703600-12,N70012839V-1,Beauty of Joseon,Red Bean Water Gel Moisturizer 100ml,NAEG50069703600-12-P1,,52,52,Delivered,,14-May-24,14-May-24,15-May-24,,,15-May-24
76776,noon,AE,FBN,NAEG50072087971-1,N70012839V-1,Beauty of Joseon,Red Bean Water Gel Moisturizer 100ml,NAEG50072087971-1-P1,,53.35,53.35,Delivered,,14-May-24,14-May-24,15-May-24,,,15-May-24
76776,noon,AE,FBN,NAEG50069703600-9,N70012839V-1,Beauty of Joseon,Red Bean Water Gel Moisturizer 100ml,NAEG50069703600-9-P1,,52,52,Delivered,,14-May-24,14-May-24,15-May-24,,,15-May-24
76776,noon,AE,FBN,NAEG50018915842-2,N70012839V-1,Beauty of Joseon,Red Bean Water Gel Moisturizer 100ml,NAEG50018915842-2-P1,,53.35,53.35,Delivered,,15-May-24,15-May-24,17-May-24,,,17-May-24
76776,noon,AE,FBN,NAEG50096187247-1,N70012839V-1,Beauty of Joseon,Red Bean Water Gel Moisturizer 100ml,NAEG50096187247-1-P1,,53.35,53.35,Undelivered,,15-May-24,15-May-24,,,19-May-24,17-May-24
76776,noon,AE,FBN,NAEG50097206396-2,N70027404V-1,Beauty of Joseon,Red Bean Refreshing Pore Mask Red 140ml,NAEG50097206396-2-P1,,65,65,Delivered,,15-May-24,15-May-24,16-May-24,,,16-May-24
76776,noon,AE,FBN,NAEG50017719154-3,N70012839V-1,Beauty of Joseon,Red Bean Water Gel Moisturizer 100ml,NAEG50017719154-3-P1,,53.35,53.35,Delivered,,16-May-24,16-May-24,16-May-24,,,16-May-24
76776,noon,AE,FBN,NAEG50020772105-2,N70027404V-1,Beauty of Joseon,Red Bean Refreshing Pore Mask Red 140ml,NAEG50020772105-2-P1,,65,65,Delivered,,16-May-24,16-May-24,19-May-24,,,18-May-24
76776,noon,AE,FBN,NAEG50040430024-1,N70027404V-1,Beauty of Joseon,Red Bean Refreshing Pore Mask Red 140ml,NAEG50040430024-1-P1,,65,65,Delivered,,16-May-24,16-May-24,17-May-24,,,17-May-24
76776,noon,AE,FBN,NAEG50050924244-6,N70027404V-1,Beauty of Joseon,Red Bean Refreshing Pore Mask Red 140ml,NAEG50050924244-6-P1,,65,58.5,Delivered,,16-May-24,16-May-24,17-May-24,,,17-May-24
76776,noon,AE,FBN,NAEG50075097390-1,N53425989A,Beauty of Joseon,Green Plum Refreshing Toner Multicolour 150ml,NAEG50075097390-1-P1,,48,48,Delivered,,16-May-24,16-May-24,18-May-24,,,18-May-24
76776,noon,AE,FBN,NAEG50090002221-1,N53425989A,Beauty of Joseon,Green Plum Refreshing Toner Multicolour 150ml,NAEG50090002221-1-P1,,48,48,Delivered,,17-May-24,17-May-24,19-May-24,,,19-May-24
76776,noon,AE,FBN,NAEG50022536469-1,N70012839V-1,Beauty of Joseon,Red Bean Water Gel Moisturizer 100ml,NAEG50022536469-1-P1,,53.35,53.35,Delivered,,18-May-24,18-May-24,20-May-24,,,20-May-24
76776,noon,AE,FBN,NAEG50093925913-1,N70012839V-1,Beauty of Joseon,Red Bean Water Gel Moisturizer 100ml,NAEG50093925913-1-P1,,53.35,53.35,Delivered,,19-May-24,20-May-24,21-May-24,,,21-May-24
76776,noon,AE,FBN,NAEG50043267158-1,N70012839V-1,Beauty of Joseon,Red Bean Water Gel Moisturizer 100ml,NAEG50043267158-1-P1,,53.35,48.01,Delivered,,19-May-24,19-May-24,20-May-24,,,20-May-24
76776,noon,AE,FBN,NAEG50055871143-1,N53425989A,Beauty of Joseon,Green Plum Refreshing Toner Multicolour 150ml,NAEG50055871143-1-P1,,46,46,Delivered,,20-May-24,20-May-24,21-May-24,,,21-May-24
76776,noon,AE,FBN,NAEG50011799141-1,N70012839V-1,Beauty of Joseon,Red Bean Water Gel Moisturizer 100ml,NAEG50011799141-1-P1,,53.35,53.35,Delivered,,21-May-24,22-May-24,23-May-24,,,22-May-24
76776,noon,AE,FBN,NAEG50050045302-2,N70012839V-1,Beauty of Joseon,Red Bean Water Gel Moisturizer 100ml,NAEG50050045302-2-P1,,53.35,53.35,Delivered,,21-May-24,21-May-24,22-May-24,,,22-May-24
76776,noon,AE,FBN,NAEG50046400347-1,N70012839V-1,Beauty of Joseon,Red Bean Water Gel Moisturizer 100ml,NAEG50046400347-1-P1,,53.35,53.35,Delivered,,21-May-24,21-May-24,22-May-24,,,23-May-24
76776,noon,AE,FBN,NAEG50070277715-2,N70012839V-1,Beauty of Joseon,Red Bean Water Gel Moisturizer 100ml,NAEG50070277715-2-P1,,53.35,53.35,Delivered,,21-May-24,22-May-24,23-May-24,,,23-May-24
76776,noon,AE,FBN,NAEG50095944553-1,N70012839V-1,Beauty of Joseon,Red Bean Water Gel Moisturizer 100ml,NAEG50095944553-1-P1,,53.35,45.35,Delivered,,21-May-24,21-May-24,21-May-24,,,21-May-24
76776,noon,AE,FBN,NAEG50009843253-1,N70012839V-1,Beauty of Joseon,Red Bean Water Gel Moisturizer 100ml,NAEG50009843253-1-P1,,53.35,48.01,Delivered,,22-May-24,22-May-24,23-May-24,,,23-May-24
76776,noon,AE,FBN,NAEG50071761032-1,N53425989A,Beauty of Joseon,Green Plum Refreshing Toner Multicolour 150ml,NAEG50071761032-1-P1,,46,46,Delivered,,23-May-24,24-May-24,25-May-24,,,25-May-24
76776,noon,AE,FBN,NAEG50062875167-2,N70012839V-1,Beauty of Joseon,Red Bean Water Gel Moisturizer 100ml,NAEG50062875167-2-P1,,52,52,Delivered,,24-May-24,25-May-24,25-May-24,,,25-May-24
76776,noon,AE,FBN,NAEG50096704565-1,N70012839V-1,Beauty of Joseon,Red Bean Water Gel Moisturizer 100ml,NAEG50096704565-1-P1,,52,52,Delivered,,24-May-24,25-May-24,26-May-24,,,26-May-24
76776,noon,AE,FBN,NAEG50072980461-2,N70012839V-1,Beauty of Joseon,Red Bean Water Gel Moisturizer 100ml,NAEG50072980461-2-P1,,52,52,Delivered,,24-May-24,25-May-24,25-May-24,,,25-May-24
76776,noon,AE,FBN,NAEG50012663169-1,N70012839V-1,Beauty of Joseon,Red Bean Water Gel Moisturizer 100ml,NAEG50012663169-1-P1,,52,52,Delivered,,24-May-24,25-May-24,26-May-24,,,26-May-24
76776,noon,AE,FBN,NAEG50054472357-1,Z7A3A3D7616D47DF9701FZ-1,By Wishtrend,"Vitamin A-mazing Bakuchiol Night Cream, Retinal moisturizer to start well-aging, Retinol, Night treatment for fine line, saggy, dry skin for sensitive skin, 1.05 oz, 30g",NAEG50054472357-1-P1,,120,120,Delivered,,12-May-24,12-May-24,12-May-24,,,12-May-24
76776,noon,AE,FBN,NAEG50035412597-1,Z7A3A3D7616D47DF9701FZ-1,By Wishtrend,"Vitamin A-mazing Bakuchiol Night Cream, Retinal moisturizer to start well-aging, Retinol, Night treatment for fine line, saggy, dry skin for sensitive skin, 1.05 oz, 30g",NAEG50035412597-1-P1,,113,113,Delivered,,27-May-24,27-May-24,29-May-24,,,28-May-24
76776,noon,AE,FBN,NAEG50055822863-1,Z37527779EF4C0D3F7852Z-1,By Wishtrend,Green Tea and Enzyme Powder Wash Cleanser Exfoliate Cleansing powder for smooth and shiny skin110g,NAEG50055822863-1-P1,,100,100,Delivered,,27-May-24,27-May-24,29-May-24,,,29-May-24
76776,noon,AE,FBN,NAEG50037396511-2,Z37527779EF4C0D3F7852Z-1,By Wishtrend,Green Tea and Enzyme Powder Wash Cleanser Exfoliate Cleansing powder for smooth and shiny skin110g,NAEG50037396511-2-P1,,100,85,Delivered,,28-May-24,29-May-24,29-May-24,,,29-May-24
76776,noon,AE,FBN,NAEG50028811063-1,Z37527779EF4C0D3F7852Z-1,By Wishtrend,Green Tea and Enzyme Powder Wash Cleanser Exfoliate Cleansing powder for smooth and shiny skin110g,NAEG50028811063-1-P1,,100,100,Delivered,,28-May-24,28-May-24,29-May-24,,,29-May-24
76776,noon,AE,FBN,NAEG50066144756-7,Z6E4BA9EA3F6C4992B526Z-1,By Wishtrend,Vitamin 75 Maximizing Cream For Smooth and Glowing Skin Perfect Hydration for Dehydrated Skin 1.76 oz,NAEG50066144756-7-P1,,75,75,Delivered,,30-May-24,30-May-24,31-May-24,,,31-May-24
76776,noon,AE,FBN,NAEG50090001632-2,Z7A3A3D7616D47DF9701FZ-1,By Wishtrend,"Vitamin A-mazing Bakuchiol Night Cream, Retinal moisturizer to start well-aging, Retinol, Night treatment for fine line, saggy, dry skin for sensitive skin, 1.05 oz, 30g",NAEG50090001632-2-P1,,100,100,Delivered,,31-May-24,31-May-24,31-May-24,,,31-May-24
76776,noon,AE,FBN,NAEG50090001632-1,Z37527779EF4C0D3F7852Z-1,By Wishtrend,Green Tea and Enzyme Powder Wash Cleanser Exfoliate Cleansing powder for smooth and shiny skin110g,NAEG50090001632-1-P1,,80,80,Delivered,,31-May-24,31-May-24,31-May-24,,,31-May-24
76776,noon,AE,FBN,NAEG50022024788-2,Z37527779EF4C0D3F7852Z-1,By Wishtrend,Green Tea and Enzyme Powder Wash Cleanser Exfoliate Cleansing powder for smooth and shiny skin110g,NAEG50022024788-2-P1,,80,80,Delivered,,31-May-24,01-Jun-24,02-Jun-24,,,02-Jun-24
76776,noon,AE,FBN,NAEG50063188131-3,Z47A1D028DB20CC3C4373Z-1,"Dear,Klairs",Supple Preparation Supple Preparation Facial Toner Hydration Perfect Simple Skincare Routine 6 08 fl oz 180 ml,NAEG50063188131-3-P1,,65,65,Delivered,,03-May-24,03-May-24,04-May-24,,,04-May-24
76776,noon,AE,FBN,NAEG50038342299-4,Z47A1D028DB20CC3C4373Z-1,"Dear,Klairs",Supple Preparation Supple Preparation Facial Toner Hydration Perfect Simple Skincare Routine 6 08 fl oz 180 ml,NAEG50038342299-4-P1,,85,85,Delivered,,06-May-24,06-May-24,07-May-24,,,07-May-24
76776,noon,AE,FBN,NAEG50068160047-6,Z7E617F1DE114B5D14182Z-1,"Dear,Klairs",Freshly Juiced Vitamin Drop 5% Pure Vtamin C Vitamin C Serum 35ml 1.18oz,NAEG50068160047-6-P1,,85,85,Delivered,,06-May-24,06-May-24,07-May-24,,,07-May-24
76776,noon,AE,FBN,NAEG50041385420-2,Z7E617F1DE114B5D14182Z-1,"Dear,Klairs",Freshly Juiced Vitamin Drop 5% Pure Vtamin C Vitamin C Serum 35ml 1.18oz,NAEG50041385420-2-P1,,85,85,Delivered,,10-May-24,10-May-24,12-May-24,,,12-May-24
76776,noon,AE,FBN,NAEG50097250017-6,Z47A1D028DB20CC3C4373Z-1,"Dear,Klairs",Supple Preparation Supple Preparation Facial Toner Hydration Perfect Simple Skincare Routine 6 08 fl oz 180 ml,NAEG50097250017-6-P1,,85,85,Delivered,,11-May-24,12-May-24,12-May-24,,,12-May-24
76776,noon,AE,FBN,NAEG50061601800-2,Z4DFF4D085C5D51A37519Z-1,"Dear,Klairs",Supple Preparation Unscented Toner 6.08 fl oz Lightweight Essential Oil Free Alcohol Free Packaging Changed,NAEG50061601800-2-P1,,95,95,Delivered,,12-May-24,12-May-24,12-May-24,,,12-May-24
76776,noon,AE,FBN,NAEG50028230286-3,Z47A1D028DB20CC3C4373Z-1,"Dear,Klairs",Supple Preparation Supple Preparation Facial Toner Hydration Perfect Simple Skincare Routine 6 08 fl oz 180 ml,NAEG50028230286-3-P1,,85,85,Delivered,,12-May-24,12-May-24,13-May-24,,,13-May-24
76776,noon,AE,FBN,NAEG50061468014-2,Z47A1D028DB20CC3C4373Z-1,"Dear,Klairs",Supple Preparation Supple Preparation Facial Toner Hydration Perfect Simple Skincare Routine 6 08 fl oz 180 ml,NAEG50061468014-2-P1,,65,58.5,Delivered,,15-May-24,16-May-24,17-May-24,,,17-May-24
76776,noon,AE,FBN,NAEG50034406050-4,Z7E617F1DE114B5D14182Z-1,"Dear,Klairs",Freshly Juiced Vitamin Drop 5% Pure Vtamin C Vitamin C Serum 35ml 1.18oz,NAEG50034406050-4-P1,,67,67,Delivered,,16-May-24,16-May-24,17-May-24,,,17-May-24
76776,noon,AE,FBN,NAEG50013695803-1,Z7E617F1DE114B5D14182Z-1,"Dear,Klairs",Freshly Juiced Vitamin Drop 5% Pure Vtamin C Vitamin C Serum 35ml 1.18oz,NAEG50013695803-1-P1,,67,67,Delivered,,19-May-24,19-May-24,20-May-24,,,20-May-24
76776,noon,AE,FBN,NAEG50065587365-3,Z7E617F1DE114B5D14182Z-1,"Dear,Klairs",Freshly Juiced Vitamin Drop 5% Pure Vtamin C Vitamin C Serum 35ml 1.18oz,NAEG50065587365-3-P1,,67,67,Delivered,,20-May-24,21-May-24,22-May-24,,,22-May-24
76776,noon,AE,FBN,NAEG50084860003-1,Z4DFF4D085C5D51A37519Z-1,"Dear,Klairs",Supple Preparation Unscented Toner 6.08 fl oz Lightweight Essential Oil Free Alcohol Free Packaging Changed,NAEG50084860003-1-P1,,95,95,Delivered,,24-May-24,24-May-24,26-May-24,,,26-May-24
76776,noon,AE,FBN,NAEG50010392690-2,Z7E617F1DE114B5D14182Z-1,"Dear,Klairs",Freshly Juiced Vitamin Drop 5% Pure Vtamin C Vitamin C Serum 35ml 1.18oz,NAEG50010392690-2-P1,,70,70,Delivered,,26-May-24,27-May-24,28-May-24,,,28-May-24
76776,noon,AE,FBN,NAEG50082450185-3,Z4DFF4D085C5D51A37519Z-1,"Dear,Klairs",Supple Preparation Unscented Toner 6.08 fl oz Lightweight Essential Oil Free Alcohol Free Packaging Changed,NAEG50082450185-3-P1,,95,95,Delivered,,29-May-24,30-May-24,04-Jun-24,,,01-Jun-24
76776,noon,AE,FBN,NAEG50011604099-1,Z7E617F1DE114B5D14182Z-1,"Dear,Klairs",Freshly Juiced Vitamin Drop 5% Pure Vtamin C Vitamin C Serum 35ml 1.18oz,NAEG50011604099-1-P1,,60,60,Undelivered,,30-May-24,31-May-24,,,11-Jun-24,31-May-24
76776,noon,AE,FBN,NAEG50016135844-3,Z7E617F1DE114B5D14182Z-1,"Dear,Klairs",Freshly Juiced Vitamin Drop 5% Pure Vtamin C Vitamin C Serum 35ml 1.18oz,NAEG50016135844-3-P1,,60,60,Delivered,,31-May-24,31-May-24,01-Jun-24,,,01-Jun-24
76776,noon,AE,FBN,NAEG50078715085-28,ZCF738B80BC0574161995Z-1,GINGER6,Hydrating Ginger Water Foam Cleanser Korean Cosmetics Facial Wash Skin Care Moisturizing First Launch in Japan Korean Cosmetics Korean Skin Care Popular Korean B,NAEG50078715085-28-P1,,39.9,39.9,Delivered,,07-May-24,07-May-24,08-May-24,,,08-May-24
76776,noon,AE,FBN,NAEG50078715085-27,ZCF738B80BC0574161995Z-1,GINGER6,Hydrating Ginger Water Foam Cleanser Korean Cosmetics Facial Wash Skin Care Moisturizing First Launch in Japan Korean Cosmetics Korean Skin Care Popular Korean B,NAEG50078715085-27-P1,,39.9,39.9,Delivered,,07-May-24,07-May-24,08-May-24,,,08-May-24
76776,noon,AE,FBN,NAEG50086469758-3,ZFA1EBC3F8B0477800BC8Z-1,I'M FROM,Mugwort Essence 5.4 Fl Oz  100% Vegan Mugwort Extract Soothe Sensitive and Irritated Skin Redness Relief Refreshing Korean Hydrating toner,NAEG50086469758-3-P1,,130,130,Delivered,,25-May-24,25-May-24,27-May-24,,,26-May-24
76776,noon,AE,FBN,NAEG50047271289-1,Z0B91D3519D4EF72EDF23Z-1,I'M FROM,Rice Toner 77.78% Rice Extract from Korea Glow Essence with Niacinamide Hydrating for Dry Skin Vegan Alcohol Free Fragrance Free Peta Approved K Beauty Toner 5.07 Fl Oz,NAEG50047271289-1-P1,,73,73,Delivered,,26-May-24,26-May-24,26-May-24,,,26-May-24
76776,noon,AE,FBN,NAEG50047271289-2,Z0B91D3519D4EF72EDF23Z-1,I'M FROM,Rice Toner 77.78% Rice Extract from Korea Glow Essence with Niacinamide Hydrating for Dry Skin Vegan Alcohol Free Fragrance Free Peta Approved K Beauty Toner 5.07 Fl Oz,NAEG50047271289-2-P1,,73,73,Delivered,,26-May-24,26-May-24,26-May-24,,,26-May-24
76776,noon,AE,FBN,NAEG50031974294-13,ZFA1EBC3F8B0477800BC8Z-1,I'M FROM,Mugwort Essence 5.4 Fl Oz  100% Vegan Mugwort Extract Soothe Sensitive and Irritated Skin Redness Relief Refreshing Korean Hydrating toner,NAEG50031974294-13-P1,,110,110,Delivered,,30-May-24,30-May-24,01-Jun-24,,,31-May-24
76776,noon,AE,FBN,NAEG40048137420-13,Z20BC64FB66CFC02D83FEZ-1,iUNIK,Beta Glucan Vegan Lightweight Non Sticky Deep Moisture Watery Cream Daily Moisturizer Quick Absorption Dry Mature Sensitive Fine lines Skin Naturally Derived Centella Vitamin Korean Skincare,NAEG40048137420-13-P1,,45,39.29,Delivered,,01-May-24,01-May-24,01-May-24,,,01-May-24
76776,noon,AE,FBN,NAEG50026480829-2,ZFB6F819374BCCB16E0CCZ-1,iUNIK,Calendula Complete Deep Vegan Cleansing Oil 94% Plant-based Oils Blackhead Melting Makeup Remover Mascara Sunscreen Eyeliner Facial Cleanser - Dry Oily Acne-Prone Sensitive Skin Korean Skincare,NAEG50026480829-2-P1,,55,,Cancelled,,01-May-24,,,01-May-24,,02-May-24
76776,noon,AE,FBN,NAEG40033121902-8,ZFB6F819374BCCB16E0CCZ-1,iUNIK,Calendula Complete Deep Vegan Cleansing Oil 94% Plant-based Oils Blackhead Melting Makeup Remover Mascara Sunscreen Eyeliner Facial Cleanser - Dry Oily Acne-Prone Sensitive Skin Korean Skincare,NAEG40033121902-8-P1,,55,55,Delivered,,01-May-24,01-May-24,02-May-24,,,01-May-24
76776,noon,AE,FBN,NAEG50015144921-5,Z15AE7B1434DA3939AE28Z-1,iUNIK,"Tea Tree 67% Relief Vegan Facial Serum for Clear & Balanced Skin - Plant-based Ingredients w/Centella Asiatica for Soothing, Calming, Irritated Skin - Korean Skincare for Sensitive Oily Skin",NAEG50015144921-5-P1,,57,57,Delivered,,02-May-24,02-May-24,03-May-24,,,03-May-24
76776,noon,AE,FBN,NAEG50052611321-2,Z20BC64FB66CFC02D83FEZ-1,iUNIK,Beta Glucan Vegan Lightweight Non Sticky Deep Moisture Watery Cream Daily Moisturizer Quick Absorption Dry Mature Sensitive Fine lines Skin Naturally Derived Centella Vitamin Korean Skincare,NAEG50052611321-2-P1,,45,45,Delivered,,02-May-24,02-May-24,03-May-24,,,03-May-24
76776,noon,AE,FBN,NAEG50087741039-2,Z20BC64FB66CFC02D83FEZ-1,iUNIK,Beta Glucan Vegan Lightweight Non Sticky Deep Moisture Watery Cream Daily Moisturizer Quick Absorption Dry Mature Sensitive Fine lines Skin Naturally Derived Centella Vitamin Korean Skincare,NAEG50087741039-2-P1,,45,45,Delivered,,02-May-24,03-May-24,04-May-24,,,04-May-24
76776,noon,AE,FBN,NAEG50052611321-3,Z4CF81A5EDD4B705CFBCBZ-1,iUNIK,"Propolis 70% Vitamins 17% Synergy Serum, Centella Fruits Extract Calming Soothing Deep Nourishing Dry Damaged Dull Spot Hyperpigmentation Sensitive Acne-prone Skin No Pore Clogging Korean Skinca",NAEG50052611321-3-P1,,50,50,Delivered,,02-May-24,02-May-24,03-May-24,,,03-May-24
76776,noon,AE,FBN,NAEG50080191511-1,ZFB6F819374BCCB16E0CCZ-1,iUNIK,Calendula Complete Deep Vegan Cleansing Oil 94% Plant-based Oils Blackhead Melting Makeup Remover Mascara Sunscreen Eyeliner Facial Cleanser - Dry Oily Acne-Prone Sensitive Skin Korean Skincare,NAEG50080191511-1-P1,,55,55,Delivered,,02-May-24,02-May-24,03-May-24,,,03-May-24
76776,noon,AE,FBN,NAEG50053193543-3,ZFB6F819374BCCB16E0CCZ-1,iUNIK,Calendula Complete Deep Vegan Cleansing Oil 94% Plant-based Oils Blackhead Melting Makeup Remover Mascara Sunscreen Eyeliner Facial Cleanser - Dry Oily Acne-Prone Sensitive Skin Korean Skincare,NAEG50053193543-3-P1,,55,55,Delivered,,02-May-24,03-May-24,04-May-24,,,03-May-24
76776,noon,AE,FBN,NAEG50014730760-1,Z20BC64FB66CFC02D83FEZ-1,iUNIK,Beta Glucan Vegan Lightweight Non Sticky Deep Moisture Watery Cream Daily Moisturizer Quick Absorption Dry Mature Sensitive Fine lines Skin Naturally Derived Centella Vitamin Korean Skincare,NAEG50014730760-1-P1,,45,45,Delivered,,04-May-24,04-May-24,05-May-24,,,05-May-24
76776,noon,AE,FBN,NAEG50010722254-4,Z4CF81A5EDD4B705CFBCBZ-1,iUNIK,"Propolis 70% Vitamins 17% Synergy Serum, Centella Fruits Extract Calming Soothing Deep Nourishing Dry Damaged Dull Spot Hyperpigmentation Sensitive Acne-prone Skin No Pore Clogging Korean Skinca",NAEG50010722254-4-P1,,50,50,Delivered,,04-May-24,04-May-24,06-May-24,,,05-May-24
76776,noon,AE,FBN,NAEG50039478543-8,ZFB6F819374BCCB16E0CCZ-1,iUNIK,Calendula Complete Deep Vegan Cleansing Oil 94% Plant-based Oils Blackhead Melting Makeup Remover Mascara Sunscreen Eyeliner Facial Cleanser - Dry Oily Acne-Prone Sensitive Skin Korean Skincare,NAEG50039478543-8-P1,,66,66,Delivered,,05-May-24,05-May-24,06-May-24,,,06-May-24
76776,noon,AE,FBN,NAEG50039478543-5,Z9FC42C7B6196FDACA66BZ-1,iUNIK,Centella Bubble Foaming Vegan Facial Cleanser - Naturally-Derived Tea Tree Extracts Centella Asiatica Extract 69% Soothing Moisturizing Exfoliating Removes Pore Blackheads Whiteheads 5.07 Fl Oz,NAEG50039478543-5-P1,,44,44,Delivered,,05-May-24,05-May-24,06-May-24,,,06-May-24
76776,noon,AE,FBN,NAEG50066659443-3,Z20BC64FB66CFC02D83FEZ-1,iUNIK,Beta Glucan Vegan Lightweight Non Sticky Deep Moisture Watery Cream Daily Moisturizer Quick Absorption Dry Mature Sensitive Fine lines Skin Naturally Derived Centella Vitamin Korean Skincare,NAEG50066659443-3-P1,,45,45,Delivered,,06-May-24,06-May-24,07-May-24,,,06-May-24
76776,noon,AE,FBN,NAEG50047077016-28,ZFB6F819374BCCB16E0CCZ-1,iUNIK,Calendula Complete Deep Vegan Cleansing Oil 94% Plant-based Oils Blackhead Melting Makeup Remover Mascara Sunscreen Eyeliner Facial Cleanser - Dry Oily Acne-Prone Sensitive Skin Korean Skincare,NAEG50047077016-28-P1,,66,66,Delivered,,06-May-24,07-May-24,08-May-24,,,08-May-24
76776,noon,AE,FBN,NAEG50032646514-8,ZFB6F819374BCCB16E0CCZ-1,iUNIK,Calendula Complete Deep Vegan Cleansing Oil 94% Plant-based Oils Blackhead Melting Makeup Remover Mascara Sunscreen Eyeliner Facial Cleanser - Dry Oily Acne-Prone Sensitive Skin Korean Skincare,NAEG50032646514-8-P1,,66,66,Delivered,,06-May-24,06-May-24,07-May-24,,,06-May-24
76776,noon,AE,FBN,NAEG50057422453-2,Z9FC42C7B6196FDACA66BZ-1,iUNIK,Centella Bubble Foaming Vegan Facial Cleanser - Naturally-Derived Tea Tree Extracts Centella Asiatica Extract 69% Soothing Moisturizing Exfoliating Removes Pore Blackheads Whiteheads 5.07 Fl Oz,NAEG50057422453-2-P1,,44,44,Delivered,,07-May-24,07-May-24,09-May-24,,,09-May-24
76776,noon,AE,FBN,NAEG50052831305-1,Z9FC42C7B6196FDACA66BZ-1,iUNIK,Centella Bubble Foaming Vegan Facial Cleanser - Naturally-Derived Tea Tree Extracts Centella Asiatica Extract 69% Soothing Moisturizing Exfoliating Removes Pore Blackheads Whiteheads 5.07 Fl Oz,NAEG50052831305-1-P1,,44,44,Delivered,,07-May-24,07-May-24,09-May-24,,,09-May-24
76776,noon,AE,FBN,NAEG50022407620-2,Z4CF81A5EDD4B705CFBCBZ-1,iUNIK,"Propolis 70% Vitamins 17% Synergy Serum, Centella Fruits Extract Calming Soothing Deep Nourishing Dry Damaged Dull Spot Hyperpigmentation Sensitive Acne-prone Skin No Pore Clogging Korean Skinca",NAEG50022407620-2-P1,,50,50,Delivered,,07-May-24,08-May-24,09-May-24,,,08-May-24
76776,noon,AE,FBN,NAEG50020882919-1,Z15AE7B1434DA3939AE28Z-1,iUNIK,"Tea Tree 67% Relief Vegan Facial Serum for Clear & Balanced Skin - Plant-based Ingredients w/Centella Asiatica for Soothing, Calming, Irritated Skin - Korean Skincare for Sensitive Oily Skin",NAEG50020882919-1-P1,,67,67,Delivered,,09-May-24,09-May-24,11-May-24,,,10-May-24
76776,noon,AE,FBN,NAEG50081297835-4,Z15AE7B1434DA3939AE28Z-1,iUNIK,"Tea Tree 67% Relief Vegan Facial Serum for Clear & Balanced Skin - Plant-based Ingredients w/Centella Asiatica for Soothing, Calming, Irritated Skin - Korean Skincare for Sensitive Oily Skin",NAEG50081297835-4-P1,,67,67,Delivered,,10-May-24,11-May-24,14-May-24,,,14-May-24
76776,noon,AE,FBN,NAEG50012103319-2,Z20BC64FB66CFC02D83FEZ-1,iUNIK,Beta Glucan Vegan Lightweight Non Sticky Deep Moisture Watery Cream Daily Moisturizer Quick Absorption Dry Mature Sensitive Fine lines Skin Naturally Derived Centella Vitamin Korean Skincare,NAEG50012103319-2-P1,,45,45,Delivered,,11-May-24,12-May-24,12-May-24,,,12-May-24
76776,noon,AE,FBN,NAEG50038925941-1,Z9DE6840CD86FC83BE25CZ-1,iUNIK,Rose Galactomyces Synergy Vegan Face Serum 1.69 Fl Oz Naturally Fermented Rose Water Hydrating Ampoule Serum Deep Moisturizing Pore Minimizing Alcohol-free Chemical-free Korean Skincare,NAEG50038925941-1-P1,,57,57,Delivered,,11-May-24,11-May-24,13-May-24,,,12-May-24
76776,noon,AE,FBN,NAEG50028595951-1,Z20BC64FB66CFC02D83FEZ-1,iUNIK,Beta Glucan Vegan Lightweight Non Sticky Deep Moisture Watery Cream Daily Moisturizer Quick Absorption Dry Mature Sensitive Fine lines Skin Naturally Derived Centella Vitamin Korean Skincare,NAEG50028595951-1-P1,,45,45,Delivered,,12-May-24,12-May-24,13-May-24,,,13-May-24
76776,noon,AE,FBN,NAEG50039381270-16,ZFB6F819374BCCB16E0CCZ-1,iUNIK,Calendula Complete Deep Vegan Cleansing Oil 94% Plant-based Oils Blackhead Melting Makeup Remover Mascara Sunscreen Eyeliner Facial Cleanser - Dry Oily Acne-Prone Sensitive Skin Korean Skincare,NAEG50039381270-16-P1,,66,66,Delivered,,12-May-24,12-May-24,13-May-24,,,12-May-24
76776,noon,AE,FBN,NAEG50084374003-6,ZFB6F819374BCCB16E0CCZ-1,iUNIK,Calendula Complete Deep Vegan Cleansing Oil 94% Plant-based Oils Blackhead Melting Makeup Remover Mascara Sunscreen Eyeliner Facial Cleanser - Dry Oily Acne-Prone Sensitive Skin Korean Skincare,NAEG50084374003-6-P1,,66,66,Delivered,,12-May-24,13-May-24,14-May-24,,,14-May-24
76776,noon,AE,FBN,NAEG50079094027-6,ZFB6F819374BCCB16E0CCZ-1,iUNIK,Calendula Complete Deep Vegan Cleansing Oil 94% Plant-based Oils Blackhead Melting Makeup Remover Mascara Sunscreen Eyeliner Facial Cleanser - Dry Oily Acne-Prone Sensitive Skin Korean Skincare,NAEG50079094027-6-P1,,55,55,Delivered,,14-May-24,15-May-24,16-May-24,,,16-May-24
76776,noon,AE,FBN,NAEG50042864997-2,Z20BC64FB66CFC02D83FEZ-1,iUNIK,Beta Glucan Vegan Lightweight Non Sticky Deep Moisture Watery Cream Daily Moisturizer Quick Absorption Dry Mature Sensitive Fine lines Skin Naturally Derived Centella Vitamin Korean Skincare,NAEG50042864997-2-P1,,45,40.5,Delivered,,15-May-24,16-May-24,17-May-24,,,17-May-24
76776,noon,AE,FBN,NAEG50070644057-4,Z4AC627A0BF0D9564E2D3Z-1,iUNIK,Rose Galactomyces Silky Tone Up Cream 40ml / 1.35fl.oz,NAEG50070644057-4-P1,,80,72,Delivered,,16-May-24,17-May-24,18-May-24,,,18-May-24
76776,noon,AE,FBN,NAEG50053722151-7,ZFB6F819374BCCB16E0CCZ-1,iUNIK,Calendula Complete Deep Vegan Cleansing Oil 94% Plant-based Oils Blackhead Melting Makeup Remover Mascara Sunscreen Eyeliner Facial Cleanser - Dry Oily Acne-Prone Sensitive Skin Korean Skincare,NAEG50053722151-7-P1,,55,55,Delivered,,16-May-24,17-May-24,18-May-24,,,18-May-24
76776,noon,AE,FBN,NAEG50025180914-2,ZFB6F819374BCCB16E0CCZ-1,iUNIK,Calendula Complete Deep Vegan Cleansing Oil 94% Plant-based Oils Blackhead Melting Makeup Remover Mascara Sunscreen Eyeliner Facial Cleanser - Dry Oily Acne-Prone Sensitive Skin Korean Skincare,NAEG50025180914-2-P1,,55,55,Delivered,,16-May-24,16-May-24,18-May-24,,,18-May-24
76776,noon,AE,FBN,NAEG50079015287-3,Z15AE7B1434DA3939AE28Z-1,iUNIK,"Tea Tree 67% Relief Vegan Facial Serum for Clear & Balanced Skin - Plant-based Ingredients w/Centella Asiatica for Soothing, Calming, Irritated Skin - Korean Skincare for Sensitive Oily Skin",NAEG50079015287-3-P1,,57,,Cancelled,,16-May-24,,,16-May-24,,18-May-24
76776,noon,AE,FBN,NAEG50052032736-6,Z15AE7B1434DA3939AE28Z-1,iUNIK,"Tea Tree 67% Relief Vegan Facial Serum for Clear & Balanced Skin - Plant-based Ingredients w/Centella Asiatica for Soothing, Calming, Irritated Skin - Korean Skincare for Sensitive Oily Skin",NAEG50052032736-6-P1,,57,57,Delivered,,16-May-24,18-May-24,21-May-24,,,21-May-24
76776,noon,AE,FBN,NAEG50037627290-4,Z15AE7B1434DA3939AE28Z-1,iUNIK,"Tea Tree 67% Relief Vegan Facial Serum for Clear & Balanced Skin - Plant-based Ingredients w/Centella Asiatica for Soothing, Calming, Irritated Skin - Korean Skincare for Sensitive Oily Skin",NAEG50037627290-4-P1,,57,,Cancelled,,16-May-24,,,16-May-24,,18-May-24
76776,noon,AE,FBN,NAEG50061240901-4,Z20BC64FB66CFC02D83FEZ-1,iUNIK,Beta Glucan Vegan Lightweight Non Sticky Deep Moisture Watery Cream Daily Moisturizer Quick Absorption Dry Mature Sensitive Fine lines Skin Naturally Derived Centella Vitamin Korean Skincare,NAEG50061240901-4-P1,,45,40.5,Delivered,,17-May-24,18-May-24,19-May-24,,,19-May-24
76776,noon,AE,FBN,NAEG50057343373-2,ZFB6F819374BCCB16E0CCZ-1,iUNIK,Calendula Complete Deep Vegan Cleansing Oil 94% Plant-based Oils Blackhead Melting Makeup Remover Mascara Sunscreen Eyeliner Facial Cleanser - Dry Oily Acne-Prone Sensitive Skin Korean Skincare,NAEG50057343373-2-P1,,55,55,Delivered,,17-May-24,18-May-24,20-May-24,,,20-May-24
76776,noon,AE,FBN,NAEG50061240901-5,ZFB6F819374BCCB16E0CCZ-1,iUNIK,Calendula Complete Deep Vegan Cleansing Oil 94% Plant-based Oils Blackhead Melting Makeup Remover Mascara Sunscreen Eyeliner Facial Cleanser - Dry Oily Acne-Prone Sensitive Skin Korean Skincare,NAEG50061240901-5-P1,,55,49.5,Delivered,,17-May-24,18-May-24,19-May-24,,,19-May-24
76776,noon,AE,FBN,NAEG50057095106-2,Z20BC64FB66CFC02D83FEZ-1,iUNIK,Beta Glucan Vegan Lightweight Non Sticky Deep Moisture Watery Cream Daily Moisturizer Quick Absorption Dry Mature Sensitive Fine lines Skin Naturally Derived Centella Vitamin Korean Skincare,NAEG50057095106-2-P1,,45,40.5,Delivered,,18-May-24,18-May-24,19-May-24,,,19-May-24
76776,noon,AE,FBN,NAEG50057095106-3,ZBDD62409160B6395B49AZ-1,iUNIK,Centella Calming Vegan Moisture SPF 50+ PA++++ Non-Sticky No White Cast Light-Weight Daily Sunscreen Reef-Safe UVA UVB Matte-Finish No-Scent 2 Oz Beta-Glucan Dry Oily Sensitive Acne-Prone Skin K,NAEG50057095106-3-P1,,55,49.5,Delivered,,18-May-24,18-May-24,19-May-24,,,19-May-24
76776,noon,AE,FBN,NAEG50084627502-8,ZBDD62409160B6395B49AZ-1,iUNIK,Centella Calming Vegan Moisture SPF 50+ PA++++ Non-Sticky No White Cast Light-Weight Daily Sunscreen Reef-Safe UVA UVB Matte-Finish No-Scent 2 Oz Beta-Glucan Dry Oily Sensitive Acne-Prone Skin K,NAEG50084627502-8-P1,,55,55,Delivered,,18-May-24,19-May-24,20-May-24,,,20-May-24
76776,noon,AE,FBN,NAEG50019366778-5,Z1CC5004A3CD08DF14B74Z-1,iUNIK,Propolis Vitamin C Face and Eye Cream with Vegetable Oil 1.01 Fl Oz Dullness Dark Circles Puffiness Smooths Under Eyes 24 Hour Hydration For Sensitive Oily Acne prone skin,NAEG50019366778-5-P1,,55,55,Delivered,,18-May-24,18-May-24,19-May-24,,,18-May-24
76776,noon,AE,FBN,NAEG50046695000-5,ZFB6F819374BCCB16E0CCZ-1,iUNIK,Calendula Complete Deep Vegan Cleansing Oil 94% Plant-based Oils Blackhead Melting Makeup Remover Mascara Sunscreen Eyeliner Facial Cleanser - Dry Oily Acne-Prone Sensitive Skin Korean Skincare,NAEG50046695000-5-P1,,61,61,Delivered,,19-May-24,19-May-24,21-May-24,,,20-May-24
76776,noon,AE,FBN,NAEG50060235206-3,Z20BC64FB66CFC02D83FEZ-1,iUNIK,Beta Glucan Vegan Lightweight Non Sticky Deep Moisture Watery Cream Daily Moisturizer Quick Absorption Dry Mature Sensitive Fine lines Skin Naturally Derived Centella Vitamin Korean Skincare,NAEG50060235206-3-P1,,45,45,Delivered,,20-May-24,21-May-24,21-May-24,,,21-May-24
76776,noon,AE,FBN,NAEG50055871143-4,ZFB6F819374BCCB16E0CCZ-1,iUNIK,Calendula Complete Deep Vegan Cleansing Oil 94% Plant-based Oils Blackhead Melting Makeup Remover Mascara Sunscreen Eyeliner Facial Cleanser - Dry Oily Acne-Prone Sensitive Skin Korean Skincare,NAEG50055871143-4-P1,,55,55,Delivered,,20-May-24,20-May-24,21-May-24,,,21-May-24
76776,noon,AE,FBN,NAEG50066712999-2,Z4CF81A5EDD4B705CFBCBZ-1,iUNIK,"Propolis 70% Vitamins 17% Synergy Serum, Centella Fruits Extract Calming Soothing Deep Nourishing Dry Damaged Dull Spot Hyperpigmentation Sensitive Acne-prone Skin No Pore Clogging Korean Skinca",NAEG50066712999-2-P1,,55,55,Delivered,,21-May-24,21-May-24,23-May-24,,,23-May-24
76776,noon,AE,FBN,NAEG50070243191-1,ZBDD62409160B6395B49AZ-1,iUNIK,Centella Calming Vegan Moisture SPF 50+ PA++++ Non-Sticky No White Cast Light-Weight Daily Sunscreen Reef-Safe UVA UVB Matte-Finish No-Scent 2 Oz Beta-Glucan Dry Oily Sensitive Acne-Prone Skin K,NAEG50070243191-1-P1,,55,55,Delivered,,21-May-24,21-May-24,21-May-24,,,21-May-24
76776,noon,AE,FBN,NAEG50083603022-6,ZFB6F819374BCCB16E0CCZ-1,iUNIK,Calendula Complete Deep Vegan Cleansing Oil 94% Plant-based Oils Blackhead Melting Makeup Remover Mascara Sunscreen Eyeliner Facial Cleanser - Dry Oily Acne-Prone Sensitive Skin Korean Skincare,NAEG50083603022-6-P1,,55,49.5,Delivered,,21-May-24,22-May-24,24-May-24,,,24-May-24
76776,noon,AE,FBN,NAEG50093052691-3,ZFB6F819374BCCB16E0CCZ-1,iUNIK,Calendula Complete Deep Vegan Cleansing Oil 94% Plant-based Oils Blackhead Melting Makeup Remover Mascara Sunscreen Eyeliner Facial Cleanser - Dry Oily Acne-Prone Sensitive Skin Korean Skincare,NAEG50093052691-3-P1,,55,49.5,Delivered,,21-May-24,21-May-24,23-May-24,,,22-May-24
76776,noon,AE,FBN,NAEG50015638262-4,ZB5D0123706DCB12D78D2Z-1,iUNIK,"Beta-Glucan Edition Skincare Set (Cream 60ml /2.02 fl.oz. & Mini Serum 15ml/0.51 fl.oz.) - Featuring the Powerful Beta-Glucan to Moisturize, Revitalize, and Reinforce the Skin with EWG",NAEG50015638262-4-P1,,95,95,Delivered,,23-May-24,24-May-24,24-May-24,,,24-May-24
76776,noon,AE,FBN,NAEG50057547610-3,Z9FC42C7B6196FDACA66BZ-1,iUNIK,Centella Bubble Foaming Vegan Facial Cleanser - Naturally-Derived Tea Tree Extracts Centella Asiatica Extract 69% Soothing Moisturizing Exfoliating Removes Pore Blackheads Whiteheads 5.07 Fl Oz,NAEG50057547610-3-P1,,64,64,Delivered,,25-May-24,25-May-24,25-May-24,,,25-May-24
76776,noon,AE,FBN,NAEG50046285706-8,Z001635CA736A1BF0204CZ-1,iUNIK,Centella Calming Gel Cream Vegan Non-Sticky Face Moisturizer Acne-prone Sensitive Oily Dry Skin Hydrating Plant-based - Centella 70% Tea Tree Water 10% Rosacea Breakout Blemish Korean Skincare,NAEG50046285706-8-P1,,45,45,Delivered,,26-May-24,27-May-24,28-May-24,,,28-May-24
76776,noon,AE,FBN,NAEG50000852336-2,Z001635CA736A1BF0204CZ-1,iUNIK,Centella Calming Gel Cream Vegan Non-Sticky Face Moisturizer Acne-prone Sensitive Oily Dry Skin Hydrating Plant-based - Centella 70% Tea Tree Water 10% Rosacea Breakout Blemish Korean Skincare,NAEG50000852336-2-P1,,45,45,Delivered,,27-May-24,28-May-24,28-May-24,,,28-May-24
76776,noon,AE,FBN,NAEG50062567486-2,Z4AC627A0BF0D9564E2D3Z-1,iUNIK,Rose Galactomyces Silky Tone Up Cream 40ml / 1.35fl.oz,NAEG50062567486-2-P1,,80,80,Delivered,,27-May-24,27-May-24,28-May-24,,,28-May-24
76776,noon,AE,FBN,NAEG50076464309-2,Z4CF81A5EDD4B705CFBCBZ-1,iUNIK,"Propolis 70% Vitamins 17% Synergy Serum, Centella Fruits Extract Calming Soothing Deep Nourishing Dry Damaged Dull Spot Hyperpigmentation Sensitive Acne-prone Skin No Pore Clogging Korean Skinca",NAEG50076464309-2-P1,,65,65,Delivered,,28-May-24,28-May-24,29-May-24,,,29-May-24
76776,noon,AE,FBN,NAEG50009860323-2,Z4CF81A5EDD4B705CFBCBZ-1,iUNIK,"Propolis 70% Vitamins 17% Synergy Serum, Centella Fruits Extract Calming Soothing Deep Nourishing Dry Damaged Dull Spot Hyperpigmentation Sensitive Acne-prone Skin No Pore Clogging Korean Skinca",NAEG50009860323-2-P1,,65,,Cancelled,,28-May-24,,,28-May-24,,29-May-24
76776,noon,AE,FBN,NAEG50069886703-2,Z20BC64FB66CFC02D83FEZ-1,iUNIK,Beta Glucan Vegan Lightweight Non Sticky Deep Moisture Watery Cream Daily Moisturizer Quick Absorption Dry Mature Sensitive Fine lines Skin Naturally Derived Centella Vitamin Korean Skincare,NAEG50069886703-2-P1,,45,45,Delivered,,31-May-24,31-May-24,02-Jun-24,,,02-Jun-24
76776,noon,AE,FBN,NAEG50094009282-3,N32349634A,JAYJUN,10-Piece Intensive Shining Mask Set White 250ml,NAEG50094009282-3-P1,,60,60,Delivered,,02-May-24,03-May-24,04-May-24,,,04-May-24
76776,noon,AE,FBN,NAEG50026266336-3,N32349634A,JAYJUN,10-Piece Intensive Shining Mask Set White 250ml,NAEG50026266336-3-P1,,94,94,Delivered,,08-May-24,09-May-24,10-May-24,,,09-May-24
76776,noon,AE,FBN,NAEG50021196531-1,N37571494A,JAYJUN,Lavender Tea Eye Gel Patch 1.4grams,NAEG50021196531-1-P1,,38,38,Delivered,,23-May-24,24-May-24,24-May-24,,,24-May-24
76776,noon,AE,FBN,NAEG50047058360-1,N32349634A,JAYJUN,10-Piece Intensive Shining Mask Set White 250ml,NAEG50047058360-1-P1,,64,64,Delivered,,27-May-24,28-May-24,29-May-24,,,29-May-24
76776,noon,AE,FBN,NAEG50062816795-5,N32349634A,JAYJUN,10-Piece Intensive Shining Mask Set White 250ml,NAEG50062816795-5-P1,,75,75,Delivered,,30-May-24,31-May-24,02-Jun-24,,,01-Jun-24
76776,noon,AE,FBN,NAEG50035007461-2,Z9FF9B1819830D3B178C7Z-1,JAYJUN JJ,"PHAming Fresh Daily Mask Sheet 30 Sheets, Skin Mosturizer for dehydrated skin Mask Sheet Vegan",NAEG50035007461-2-P1,,60,60,Delivered,,02-May-24,03-May-24,06-May-24,,,04-May-24
76776,noon,AE,FBN,NAEG50050274589-2,Z9FF9B1819830D3B178C7Z-1,JAYJUN JJ,"PHAming Fresh Daily Mask Sheet 30 Sheets, Skin Mosturizer for dehydrated skin Mask Sheet Vegan",NAEG50050274589-2-P1,,60,54,Delivered,,20-May-24,21-May-24,22-May-24,,,22-May-24
76776,noon,AE,FBN,NAEG50070534847-3,Z435C43C40541A7166D8EZ-1,JAYJUN JJ,"Pollution-Proof Mask, Luminous, Pack of 10 Sheets, 0.91 fl. oz, 27ml, Brightening, Sheet Mask",NAEG50070534847-3-P1,,70,70,Delivered,,22-May-24,22-May-24,24-May-24,,,24-May-24
76776,noon,AE,FBN,NAEG50070534847-6,Z9FF9B1819830D3B178C7Z-1,JAYJUN JJ,"PHAming Fresh Daily Mask Sheet 30 Sheets, Skin Mosturizer for dehydrated skin Mask Sheet Vegan",NAEG50070534847-6-P1,,60,60,Delivered,,22-May-24,22-May-24,24-May-24,,,24-May-24
76776,noon,AE,FBN,NAEG50081214639-9,ZACE6FD915CA2BF1A4830Z-1,JAYJUN JJ,Okra Phyto Mucin Ultra UV Sunblock Tone Up Sun Cream  100ml spf 50 white,NAEG50081214639-9-P1,,55,55,Delivered,,26-May-24,28-May-24,31-May-24,,,31-May-24
76776,noon,AE,FBN,NAEG50010476100-3,Z435C43C40541A7166D8EZ-1,JAYJUN JJ,"Pollution-Proof Mask, Luminous, Pack of 10 Sheets, 0.91 fl. oz, 27ml, Brightening, Sheet Mask",NAEG50010476100-3-P1,,70,70,Delivered,,27-May-24,27-May-24,28-May-24,,,28-May-24
76776,noon,AE,FBN,NAEG50074505494-3,ZACE6FD915CA2BF1A4830Z-1,JAYJUN JJ,Okra Phyto Mucin Ultra UV Sunblock Tone Up Sun Cream  100ml spf 50 white,NAEG50074505494-3-P1,,55,55,Delivered,,29-May-24,29-May-24,31-May-24,,,31-May-24
76776,noon,AE,FBN,NAEG50039034481-4,ZFCB8E36A58BB18871BD7Z-1,Klairs,"Freshly Juiced Vitamin E Mask, Moisturizer, Boost the Effect Viatmin C, Niacinamide, Adenosine, 90ml, 3.04oz",NAEG50039034481-4-P1,,80,80,Delivered,,09-May-24,09-May-24,10-May-24,,,10-May-24
76776,noon,AE,FBN,NAEG50075022161-3,ZFCB8E36A58BB18871BD7Z-1,Klairs,"Freshly Juiced Vitamin E Mask, Moisturizer, Boost the Effect Viatmin C, Niacinamide, Adenosine, 90ml, 3.04oz",NAEG50075022161-3-P1,,85,85,Delivered,,24-May-24,24-May-24,25-May-24,,,25-May-24
76776,noon,AE,FBN,NAEG50048605555-2,Z7A989E29786E91B381DCZ-1,mixsoon,MIXSOON Soondy Centella Asiatica Essence 50ml,NAEG50048605555-2-P1,,67,67,Delivered,,20-May-24,21-May-24,23-May-24,,,23-May-24
76776,noon,AE,FBN,NAEG50071526377-8,ZF9E2C3AAE4AA0AA47F54Z-1,mixsoon,MIXSOON Glacier Water Hyaluronic Acid Serum 300ml,NAEG50071526377-8-P1,,71,63.9,Delivered,,22-May-24,22-May-24,24-May-24,,,23-May-24
76776,noon,AE,FBN,NAEG50024377452-3,Z5EDF8183844DC12F43B1Z-1,mixsoon,Mixsoon Bean Essence 50 ml,NAEG50024377452-3-P1,,120,120,Delivered,,27-May-24,27-May-24,29-May-24,,,29-May-24
76776,noon,AE,FBN,NAEG50006439650-5,Z35D01DAEB419A9E86B23Z-1,skin1004,Madagascar Centella Air-fit Suncream Plus 1.69 fl. oz (50ml),NAEG50006439650-5-P1,,52,52,Delivered,,02-May-24,03-May-24,04-May-24,,,04-May-24
76776,noon,AE,FBN,NAEG50017479119-5,Z4B7CCA023722F5CDDB5BZ-1,skin1004,"MADAGASCAR CENTELLA PROBIO-CICA ENRICH CREAM, Formulated Probio-Cica and TECA for Calming Effects  50ML SKIN1004",NAEG50017479119-5-P1,,75,75,Delivered,,02-May-24,02-May-24,03-May-24,,,03-May-24
76776,noon,AE,FBN,NAEG50017479119-8,ZD8002B439D6932911301Z-1,skin1004,MADAGASCAR CENTELLA PROBIO-CICA ESSENCE TONER 210ML SKIN1004,NAEG50017479119-8-P1,,70,70,Delivered,,02-May-24,02-May-24,03-May-24,,,03-May-24
76776,noon,AE,FBN,NAEG50059489349-4,Z2CF1F013BE2F3B126F31Z-1,skin1004,"Madagascar Centella Poremizing Clear Toner 7.1 fl.oz, 210ml for Keratin Plug and Sensitive Skin",NAEG50059489349-4-P1,,58,58,Delivered,,03-May-24,03-May-24,03-May-24,,,03-May-24
76776,noon,AE,FBN,NAEG50030488650-3,Z4B7CCA023722F5CDDB5BZ-1,skin1004,"MADAGASCAR CENTELLA PROBIO-CICA ENRICH CREAM, Formulated Probio-Cica and TECA for Calming Effects  50ML SKIN1004",NAEG50030488650-3-P1,,75,75,Delivered,,03-May-24,03-May-24,05-May-24,,,04-May-24
76776,noon,AE,FBN,NAEG50039862949-4,Z4B7CCA023722F5CDDB5BZ-1,skin1004,"MADAGASCAR CENTELLA PROBIO-CICA ENRICH CREAM, Formulated Probio-Cica and TECA for Calming Effects  50ML SKIN1004",NAEG50039862949-4-P1,,75,75,Delivered,,03-May-24,03-May-24,04-May-24,,,04-May-24
76776,noon,AE,FBN,NAEG50002945371-7,Z6A1912F4F72A10D25AF2Z-1,skin1004,"Madagascar Centella Cream - 75ML | Quadruple Ceramide Complex | Strengthens Skin Barrier | Moisturizes and Soothes Dry, Sensitive Skin",NAEG50002945371-7-P1,,65,65,Delivered,,03-May-24,03-May-24,03-May-24,,,03-May-24
76776,noon,AE,FBN,NAEG50000578654-2,Z721AB9DC10097861A942Z-1,skin1004,"Tea-Trica Relief Ampoule 3.38 fl. oz, 100ml, Soothing Hydration for Sensitive Skin",NAEG50000578654-2-P1,,75,75,Delivered,,03-May-24,03-May-24,05-May-24,,,03-May-24
76776,noon,AE,FBN,NAEG50022387360-2,Z866D609D8132D484063BZ-1,skin1004,"Madagascar Centella Ampoule Foam 4.22 fl.oz, 125ml, Low pH Foam Cleanser, Natural Soda Powder Coconut Surfactant and EWG Green Grade",NAEG50022387360-2-P1,,45,45,Delivered,,03-May-24,04-May-24,05-May-24,,,04-May-24
76776,noon,AE,FBN,NAEG50000578654-3,ZC80B7C6FEA9CEFAA3629Z-1,skin1004,"Madagascar Centella Tea-Trica BHA Foam 4.22 fl.oz, 125ml, Professional Cleansing Care and Relief to Acne-Prone Skin",NAEG50000578654-3-P1,,45,45,Delivered,,03-May-24,03-May-24,05-May-24,,,03-May-24
76776,noon,AE,FBN,NAEG50005141955-5,Z4B7CCA023722F5CDDB5BZ-1,skin1004,"MADAGASCAR CENTELLA PROBIO-CICA ENRICH CREAM, Formulated Probio-Cica and TECA for Calming Effects  50ML SKIN1004",NAEG50005141955-5-P1,,80,80,Delivered,,04-May-24,05-May-24,06-May-24,,,06-May-24
76776,noon,AE,FBN,NAEG50061458793-6,Z2CF1F013BE2F3B126F31Z-1,skin1004,"Madagascar Centella Poremizing Clear Toner 7.1 fl.oz, 210ml for Keratin Plug and Sensitive Skin",NAEG50061458793-6-P1,,58,58,Delivered,,05-May-24,05-May-24,06-May-24,,,06-May-24
76776,noon,AE,FBN,NAEG50004167683-1,Z21B051807FC98762FEE0Z-1,skin1004,"Madagascar Centella Travel Kit, Toner, Ampoule, Soothing Cream, Cleansing Oil, Ampoule Foam, Basic Skincare Box, Compact Size, Soothing Calming",NAEG50004167683-1-P1,,129,129,Delivered,,05-May-24,06-May-24,07-May-24,,,06-May-24
76776,noon,AE,FBN,NAEG50088013567-3,Z21B051807FC98762FEE0Z-1,skin1004,"Madagascar Centella Travel Kit, Toner, Ampoule, Soothing Cream, Cleansing Oil, Ampoule Foam, Basic Skincare Box, Compact Size, Soothing Calming",NAEG50088013567-3-P1,,129,,Cancelled,,05-May-24,,,05-May-24,,06-May-24
76776,noon,AE,FBN,NAEG50007182902-3,Z21B051807FC98762FEE0Z-1,skin1004,"Madagascar Centella Travel Kit, Toner, Ampoule, Soothing Cream, Cleansing Oil, Ampoule Foam, Basic Skincare Box, Compact Size, Soothing Calming",NAEG50007182902-3-P1,,129,129,Delivered,,05-May-24,05-May-24,07-May-24,,,07-May-24
76776,noon,AE,FBN,NAEG50074584788-3,ZBCCA5C677BEE5C9ACBCFZ-1,skin1004,"Madagascar Centella Light Cleansing Oil 6.76 fl.oz, 200ml, Pure and Light Oil with Fresh Cleansing Effect, Micellar Cleansing Hypoallergenic Use",NAEG50074584788-3-P1,,80,80,Delivered,,05-May-24,05-May-24,05-May-24,,,05-May-24
76776,noon,AE,FBN,NAEG50077863971-8,ZBCCA5C677BEE5C9ACBCFZ-1,skin1004,"Madagascar Centella Light Cleansing Oil 6.76 fl.oz, 200ml, Pure and Light Oil with Fresh Cleansing Effect, Micellar Cleansing Hypoallergenic Use",NAEG50077863971-8-P1,,80,80,Delivered,,05-May-24,06-May-24,07-May-24,,,07-May-24
76776,noon,AE,FBN,NAEG50072788402-1,ZBCCA5C677BEE5C9ACBCFZ-1,skin1004,"Madagascar Centella Light Cleansing Oil 6.76 fl.oz, 200ml, Pure and Light Oil with Fresh Cleansing Effect, Micellar Cleansing Hypoallergenic Use",NAEG50072788402-1-P1,,80,80,Delivered,,05-May-24,05-May-24,07-May-24,,,07-May-24
76776,noon,AE,FBN,NAEG50084464636-2,ZBCCA5C677BEE5C9ACBCFZ-1,skin1004,"Madagascar Centella Light Cleansing Oil 6.76 fl.oz, 200ml, Pure and Light Oil with Fresh Cleansing Effect, Micellar Cleansing Hypoallergenic Use",NAEG50084464636-2-P1,,80,80,Delivered,,05-May-24,06-May-24,06-May-24,,,06-May-24
76776,noon,AE,FBN,NAEG50061458793-8,ZF2A263EA6BB0860E4B36Z-1,skin1004,"Madagascar Centella Ampoule, 100ml; Soothing and Hydrating Ampoule with Centella Asiatica Extract; Calming Serum for Sensitive Skin; Lightweight and Fast-Absorbing Formula",NAEG50061458793-8-P1,,70,70,Delivered,,05-May-24,05-May-24,06-May-24,,,06-May-24
76776,noon,AE,FBN,NAEG50072628979-6,ZF2A263EA6BB0860E4B36Z-1,skin1004,"Madagascar Centella Ampoule, 100ml; Soothing and Hydrating Ampoule with Centella Asiatica Extract; Calming Serum for Sensitive Skin; Lightweight and Fast-Absorbing Formula",NAEG50072628979-6-P1,,70,70,Delivered,,05-May-24,05-May-24,06-May-24,,,06-May-24
76776,noon,AE,FBN,NAEG50000368366-3,Z2CF1F013BE2F3B126F31Z-1,skin1004,"Madagascar Centella Poremizing Clear Toner 7.1 fl.oz, 210ml for Keratin Plug and Sensitive Skin",NAEG50000368366-3-P1,,58,58,Delivered,,06-May-24,06-May-24,08-May-24,,,08-May-24
76776,noon,AE,FBN,NAEG50077397054-3,Z4B7CCA023722F5CDDB5BZ-1,skin1004,"MADAGASCAR CENTELLA PROBIO-CICA ENRICH CREAM, Formulated Probio-Cica and TECA for Calming Effects  50ML SKIN1004",NAEG50077397054-3-P1,,80,80,Delivered,,06-May-24,07-May-24,08-May-24,,,08-May-24
76776,noon,AE,FBN,NAEG50016785481-2,Z866D609D8132D484063BZ-1,skin1004,"Madagascar Centella Ampoule Foam 4.22 fl.oz, 125ml, Low pH Foam Cleanser, Natural Soda Powder Coconut Surfactant and EWG Green Grade",NAEG50016785481-2-P1,,45,45,Delivered,,06-May-24,06-May-24,06-May-24,,,06-May-24
76776,noon,AE,FBN,NAEG50007287388-2,Z98501887793D33168108Z-1,skin1004,"Hyalu-CICA Blue Serum 1.69 fl.oz, 50ml, 5 Layer Hyaluronic Acid Cica Niacinamide, Hydrating and Refreshing Multi-Care Solutions",NAEG50007287388-2-P1,,47,47,Delivered,,06-May-24,06-May-24,07-May-24,,,07-May-24
76776,noon,AE,FBN,NAEG50007287388-3,Z9B18135D9A748458A129Z-1,skin1004,"Hyalu-CICA First Ampoule 3.38 fl. oz, 100ml, Soothing Hydration Dry Skin",NAEG50007287388-3-P1,,57,57,Delivered,,06-May-24,06-May-24,07-May-24,,,07-May-24
76776,noon,AE,FBN,NAEG50034981934-4,ZBCCA5C677BEE5C9ACBCFZ-1,skin1004,"Madagascar Centella Light Cleansing Oil 6.76 fl.oz, 200ml, Pure and Light Oil with Fresh Cleansing Effect, Micellar Cleansing Hypoallergenic Use",NAEG50034981934-4-P1,,80,80,Delivered,,06-May-24,06-May-24,08-May-24,,,07-May-24
76776,noon,AE,FBN,NAEG50089534826-3,ZF2A263EA6BB0860E4B36Z-1,skin1004,"Madagascar Centella Ampoule, 100ml; Soothing and Hydrating Ampoule with Centella Asiatica Extract; Calming Serum for Sensitive Skin; Lightweight and Fast-Absorbing Formula",NAEG50089534826-3-P1,,70,70,Delivered,,07-May-24,07-May-24,08-May-24,,,08-May-24
76776,noon,AE,FBN,NAEG50002017843-3,ZF2A263EA6BB0860E4B36Z-1,skin1004,"Madagascar Centella Ampoule, 100ml; Soothing and Hydrating Ampoule with Centella Asiatica Extract; Calming Serum for Sensitive Skin; Lightweight and Fast-Absorbing Formula",NAEG50002017843-3-P1,,70,70,Delivered,,07-May-24,07-May-24,08-May-24,,,08-May-24
76776,noon,AE,FBN,NAEG50061467376-2,ZF2A263EA6BB0860E4B36Z-1,skin1004,"Madagascar Centella Ampoule, 100ml; Soothing and Hydrating Ampoule with Centella Asiatica Extract; Calming Serum for Sensitive Skin; Lightweight and Fast-Absorbing Formula",NAEG50061467376-2-P1,,70,70,Delivered,,07-May-24,07-May-24,08-May-24,,,08-May-24
76776,noon,AE,FBN,NAEG50091959341-9,Z2CF1F013BE2F3B126F31Z-1,skin1004,"Madagascar Centella Poremizing Clear Toner 7.1 fl.oz, 210ml for Keratin Plug and Sensitive Skin",NAEG50091959341-9-P1,,58,58,Delivered,,07-May-24,07-May-24,08-May-24,,,08-May-24
76776,noon,AE,FBN,NAEG50040233884-1,Z4B7CCA023722F5CDDB5BZ-1,skin1004,"MADAGASCAR CENTELLA PROBIO-CICA ENRICH CREAM, Formulated Probio-Cica and TECA for Calming Effects  50ML SKIN1004",NAEG50040233884-1-P1,,80,80,Delivered,,07-May-24,07-May-24,09-May-24,,,08-May-24
76776,noon,AE,FBN,NAEG50059622819-1,Z4B7CCA023722F5CDDB5BZ-1,skin1004,"MADAGASCAR CENTELLA PROBIO-CICA ENRICH CREAM, Formulated Probio-Cica and TECA for Calming Effects  50ML SKIN1004",NAEG50059622819-1-P1,,80,80,Delivered,,07-May-24,07-May-24,07-May-24,,,07-May-24
76776,noon,AE,FBN,NAEG50092468896-4,Z98501887793D33168108Z-1,skin1004,"Hyalu-CICA Blue Serum 1.69 fl.oz, 50ml, 5 Layer Hyaluronic Acid Cica Niacinamide, Hydrating and Refreshing Multi-Care Solutions",NAEG50092468896-4-P1,,47,47,Delivered,,07-May-24,07-May-24,08-May-24,,,08-May-24
76776,noon,AE,FBN,NAEG50059622819-2,Z866D609D8132D484063BZ-1,skin1004,"Madagascar Centella Ampoule Foam 4.22 fl.oz, 125ml, Low pH Foam Cleanser, Natural Soda Powder Coconut Surfactant and EWG Green Grade",NAEG50059622819-2-P1,,45,45,Delivered,,07-May-24,07-May-24,07-May-24,,,07-May-24
76776,noon,AE,FBN,NAEG50033635322-5,Z866D609D8132D484063BZ-1,skin1004,"Madagascar Centella Ampoule Foam 4.22 fl.oz, 125ml, Low pH Foam Cleanser, Natural Soda Powder Coconut Surfactant and EWG Green Grade",NAEG50033635322-5-P1,,45,45,Delivered,,07-May-24,07-May-24,09-May-24,,,09-May-24
76776,noon,AE,FBN,NAEG50091959341-10,Z866D609D8132D484063BZ-1,skin1004,"Madagascar Centella Ampoule Foam 4.22 fl.oz, 125ml, Low pH Foam Cleanser, Natural Soda Powder Coconut Surfactant and EWG Green Grade",NAEG50091959341-10-P1,,45,45,Delivered,,07-May-24,07-May-24,08-May-24,,,08-May-24
76776,noon,AE,FBN,NAEG50016999133-2,Z21B051807FC98762FEE0Z-1,skin1004,"Madagascar Centella Travel Kit, Toner, Ampoule, Soothing Cream, Cleansing Oil, Ampoule Foam, Basic Skincare Box, Compact Size, Soothing Calming",NAEG50016999133-2-P1,,129,129,Delivered,,07-May-24,07-May-24,08-May-24,,,08-May-24
76776,noon,AE,FBN,NAEG50063018351-3,ZBCCA5C677BEE5C9ACBCFZ-1,skin1004,"Madagascar Centella Light Cleansing Oil 6.76 fl.oz, 200ml, Pure and Light Oil with Fresh Cleansing Effect, Micellar Cleansing Hypoallergenic Use",NAEG50063018351-3-P1,,80,80,Delivered,,07-May-24,07-May-24,09-May-24,,,09-May-24
76776,noon,AE,FBN,NAEG50034048242-7,ZBCCA5C677BEE5C9ACBCFZ-1,skin1004,"Madagascar Centella Light Cleansing Oil 6.76 fl.oz, 200ml, Pure and Light Oil with Fresh Cleansing Effect, Micellar Cleansing Hypoallergenic Use",NAEG50034048242-7-P1,,80,80,Delivered,,07-May-24,08-May-24,09-May-24,,,09-May-24
76776,noon,AE,FBN,NAEG50042191120-6,ZBCCA5C677BEE5C9ACBCFZ-1,skin1004,"Madagascar Centella Light Cleansing Oil 6.76 fl.oz, 200ml, Pure and Light Oil with Fresh Cleansing Effect, Micellar Cleansing Hypoallergenic Use",NAEG50042191120-6-P1,,80,80,Undelivered,,07-May-24,07-May-24,,,12-May-24,08-May-24
76776,noon,AE,FBN,NAEG50064523281-5,Z4B7CCA023722F5CDDB5BZ-1,skin1004,"MADAGASCAR CENTELLA PROBIO-CICA ENRICH CREAM, Formulated Probio-Cica and TECA for Calming Effects  50ML SKIN1004",NAEG50064523281-5-P1,,80,80,Delivered,,08-May-24,09-May-24,10-May-24,,,10-May-24
76776,noon,AE,FBN,NAEG50092665424-2,Z866D609D8132D484063BZ-1,skin1004,"Madagascar Centella Ampoule Foam 4.22 fl.oz, 125ml, Low pH Foam Cleanser, Natural Soda Powder Coconut Surfactant and EWG Green Grade",NAEG50092665424-2-P1,,45,45,Delivered,,08-May-24,08-May-24,09-May-24,,,09-May-24
76776,noon,AE,FBN,NAEG50023474966-1,Z98501887793D33168108Z-1,skin1004,"Hyalu-CICA Blue Serum 1.69 fl.oz, 50ml, 5 Layer Hyaluronic Acid Cica Niacinamide, Hydrating and Refreshing Multi-Care Solutions",NAEG50023474966-1-P1,,47,47,Delivered,,08-May-24,09-May-24,09-May-24,,,09-May-24
76776,noon,AE,FBN,NAEG50087513097-12,ZF2A263EA6BB0860E4B36Z-1,skin1004,"Madagascar Centella Ampoule, 100ml; Soothing and Hydrating Ampoule with Centella Asiatica Extract; Calming Serum for Sensitive Skin; Lightweight and Fast-Absorbing Formula",NAEG50087513097-12-P1,,70,70,Delivered,,08-May-24,08-May-24,10-May-24,,,09-May-24
76776,noon,AE,FBN,NAEG50096603125-9,ZF2A263EA6BB0860E4B36Z-1,skin1004,"Madagascar Centella Ampoule, 100ml; Soothing and Hydrating Ampoule with Centella Asiatica Extract; Calming Serum for Sensitive Skin; Lightweight and Fast-Absorbing Formula",NAEG50096603125-9-P1,,70,70,Delivered,,08-May-24,09-May-24,10-May-24,,,12-May-24
76776,noon,AE,FBN,NAEG50056908787-3,ZF2A263EA6BB0860E4B36Z-1,skin1004,"Madagascar Centella Ampoule, 100ml; Soothing and Hydrating Ampoule with Centella Asiatica Extract; Calming Serum for Sensitive Skin; Lightweight and Fast-Absorbing Formula",NAEG50056908787-3-P1,,70,70,Delivered,,08-May-24,09-May-24,10-May-24,,,09-May-24
76776,noon,AE,FBN,NAEG50005528867-3,ZF2A263EA6BB0860E4B36Z-1,skin1004,"Madagascar Centella Ampoule, 100ml; Soothing and Hydrating Ampoule with Centella Asiatica Extract; Calming Serum for Sensitive Skin; Lightweight and Fast-Absorbing Formula",NAEG50005528867-3-P1,,70,70,Delivered,,09-May-24,09-May-24,10-May-24,,,10-May-24
76776,noon,AE,FBN,NAEG50090699214-4,Z2CF1F013BE2F3B126F31Z-1,skin1004,"Madagascar Centella Poremizing Clear Toner 7.1 fl.oz, 210ml for Keratin Plug and Sensitive Skin",NAEG50090699214-4-P1,,58,58,Delivered,,09-May-24,09-May-24,10-May-24,,,10-May-24
76776,noon,AE,FBN,NAEG50055244211-6,Z2CF1F013BE2F3B126F31Z-1,skin1004,"Madagascar Centella Poremizing Clear Toner 7.1 fl.oz, 210ml for Keratin Plug and Sensitive Skin",NAEG50055244211-6-P1,,58,58,Delivered,,10-May-24,10-May-24,11-May-24,,,11-May-24
76776,noon,AE,FBN,NAEG50081800711-2,Z4B7CCA023722F5CDDB5BZ-1,skin1004,"MADAGASCAR CENTELLA PROBIO-CICA ENRICH CREAM, Formulated Probio-Cica and TECA for Calming Effects  50ML SKIN1004",NAEG50081800711-2-P1,,80,80,Delivered,,10-May-24,10-May-24,10-May-24,,,10-May-24
76776,noon,AE,FBN,NAEG50026342601-3,Z6A1912F4F72A10D25AF2Z-1,skin1004,"Madagascar Centella Cream - 75ML | Quadruple Ceramide Complex | Strengthens Skin Barrier | Moisturizes and Soothes Dry, Sensitive Skin",NAEG50026342601-3-P1,,75,75,Delivered,,10-May-24,10-May-24,10-May-24,,,10-May-24
76776,noon,AE,FBN,NAEG50074743876-2,ZBCCA5C677BEE5C9ACBCFZ-1,skin1004,"Madagascar Centella Light Cleansing Oil 6.76 fl.oz, 200ml, Pure and Light Oil with Fresh Cleansing Effect, Micellar Cleansing Hypoallergenic Use",NAEG50074743876-2-P1,,80,80,Delivered,,10-May-24,11-May-24,12-May-24,,,12-May-24
76776,noon,AE,FBN,NAEG50070017427-5,Z4B7CCA023722F5CDDB5BZ-1,skin1004,"MADAGASCAR CENTELLA PROBIO-CICA ENRICH CREAM, Formulated Probio-Cica and TECA for Calming Effects  50ML SKIN1004",NAEG50070017427-5-P1,,80,80,Delivered,,11-May-24,11-May-24,12-May-24,,,12-May-24
76776,noon,AE,FBN,NAEG50075041834-2,Z6A1912F4F72A10D25AF2Z-1,skin1004,"Madagascar Centella Cream - 75ML | Quadruple Ceramide Complex | Strengthens Skin Barrier | Moisturizes and Soothes Dry, Sensitive Skin",NAEG50075041834-2-P1,,75,75,Delivered,,11-May-24,11-May-24,11-May-24,,,11-May-24
76776,noon,AE,FBN,NAEG50050661264-5,Z72CF3C5489817182AB95Z-1,skin1004,Madagascar Centella Poremizing Light Gel Cream 2.53 fl.oz (75ml) Tightens Pores Soothes Irritated Skin,NAEG50050661264-5-P1,,56,56,Delivered,,11-May-24,12-May-24,13-May-24,,,13-May-24
76776,noon,AE,FBN,NAEG50048131394-3,Z72CF3C5489817182AB95Z-1,skin1004,Madagascar Centella Poremizing Light Gel Cream 2.53 fl.oz (75ml) Tightens Pores Soothes Irritated Skin,NAEG50048131394-3-P1,,56,56,Delivered,,11-May-24,11-May-24,11-May-24,,,11-May-24
76776,noon,AE,FBN,NAEG50030032067-7,Z6A1912F4F72A10D25AF2Z-1,skin1004,"Madagascar Centella Cream - 75ML | Quadruple Ceramide Complex | Strengthens Skin Barrier | Moisturizes and Soothes Dry, Sensitive Skin",NAEG50030032067-7-P1,,75,75,Delivered,,12-May-24,12-May-24,13-May-24,,,12-May-24
76776,noon,AE,FBN,NAEG50084674827-5,ZBCCA5C677BEE5C9ACBCFZ-1,skin1004,"Madagascar Centella Light Cleansing Oil 6.76 fl.oz, 200ml, Pure and Light Oil with Fresh Cleansing Effect, Micellar Cleansing Hypoallergenic Use",NAEG50084674827-5-P1,,80,80,Delivered,,12-May-24,12-May-24,13-May-24,,,13-May-24
76776,noon,AE,FBN,NAEG50051384092-8,Z2CF1F013BE2F3B126F31Z-1,skin1004,"Madagascar Centella Poremizing Clear Toner 7.1 fl.oz, 210ml for Keratin Plug and Sensitive Skin",NAEG50051384092-8-P1,,58,58,Delivered,,13-May-24,13-May-24,14-May-24,,,14-May-24
76776,noon,AE,FBN,NAEG50051384092-6,Z2CF1F013BE2F3B126F31Z-1,skin1004,"Madagascar Centella Poremizing Clear Toner 7.1 fl.oz, 210ml for Keratin Plug and Sensitive Skin",NAEG50051384092-6-P1,,58,58,Delivered,,13-May-24,13-May-24,14-May-24,,,14-May-24
76776,noon,AE,FBN,NAEG50051384092-7,Z2CF1F013BE2F3B126F31Z-1,skin1004,"Madagascar Centella Poremizing Clear Toner 7.1 fl.oz, 210ml for Keratin Plug and Sensitive Skin",NAEG50051384092-7-P1,,58,58,Delivered,,13-May-24,13-May-24,14-May-24,,,14-May-24
76776,noon,AE,FBN,NAEG50076530629-6,Z4B7CCA023722F5CDDB5BZ-1,skin1004,"MADAGASCAR CENTELLA PROBIO-CICA ENRICH CREAM, Formulated Probio-Cica and TECA for Calming Effects  50ML SKIN1004",NAEG50076530629-6-P1,,80,80,Delivered,,13-May-24,14-May-24,16-May-24,,,15-May-24
76776,noon,AE,FBN,NAEG50098243064-4,Z866D609D8132D484063BZ-1,skin1004,"Madagascar Centella Ampoule Foam 4.22 fl.oz, 125ml, Low pH Foam Cleanser, Natural Soda Powder Coconut Surfactant and EWG Green Grade",NAEG50098243064-4-P1,,45,45,Delivered,,13-May-24,13-May-24,15-May-24,,,14-May-24
76776,noon,AE,FBN,NAEG50021714756-7,Z866D609D8132D484063BZ-1,skin1004,"Madagascar Centella Ampoule Foam 4.22 fl.oz, 125ml, Low pH Foam Cleanser, Natural Soda Powder Coconut Surfactant and EWG Green Grade",NAEG50021714756-7-P1,,45,45,Delivered,,13-May-24,13-May-24,14-May-24,,,14-May-24
76776,noon,AE,FBN,NAEG50021714756-3,Z6A1912F4F72A10D25AF2Z-1,skin1004,"Madagascar Centella Cream - 75ML | Quadruple Ceramide Complex | Strengthens Skin Barrier | Moisturizes and Soothes Dry, Sensitive Skin",NAEG50021714756-3-P1,,75,75,Delivered,,13-May-24,13-May-24,14-May-24,,,14-May-24
76776,noon,AE,FBN,NAEG50059919610-3,Z2CF1F013BE2F3B126F31Z-1,skin1004,"Madagascar Centella Poremizing Clear Toner 7.1 fl.oz, 210ml for Keratin Plug and Sensitive Skin",NAEG50059919610-3-P1,,45,45,Delivered,,14-May-24,14-May-24,15-May-24,,,15-May-24
76776,noon,AE,FBN,NAEG50091093605-1,Z72CF3C5489817182AB95Z-1,skin1004,Madagascar Centella Poremizing Light Gel Cream 2.53 fl.oz (75ml) Tightens Pores Soothes Irritated Skin,NAEG50091093605-1-P1,,56,56,Delivered,,14-May-24,14-May-24,15-May-24,,,14-May-24
76776,noon,AE,FBN,NAEG50049156677-8,Z4B7CCA023722F5CDDB5BZ-1,skin1004,"MADAGASCAR CENTELLA PROBIO-CICA ENRICH CREAM, Formulated Probio-Cica and TECA for Calming Effects  50ML SKIN1004",NAEG50049156677-8-P1,,90,90,Delivered,,14-May-24,16-May-24,19-May-24,,,18-May-24
76776,noon,AE,FBN,NAEG50026801674-11,Z866D609D8132D484063BZ-1,skin1004,"Madagascar Centella Ampoule Foam 4.22 fl.oz, 125ml, Low pH Foam Cleanser, Natural Soda Powder Coconut Surfactant and EWG Green Grade",NAEG50026801674-11-P1,,55,55,Delivered,,14-May-24,14-May-24,15-May-24,,,16-May-24
76776,noon,AE,FBN,NAEG50027921954-4,Z866D609D8132D484063BZ-1,skin1004,"Madagascar Centella Ampoule Foam 4.22 fl.oz, 125ml, Low pH Foam Cleanser, Natural Soda Powder Coconut Surfactant and EWG Green Grade",NAEG50027921954-4-P1,,55,55,Delivered,,14-May-24,14-May-24,16-May-24,,,15-May-24
76776,noon,AE,FBN,NAEG50097252837-7,Z866D609D8132D484063BZ-1,skin1004,"Madagascar Centella Ampoule Foam 4.22 fl.oz, 125ml, Low pH Foam Cleanser, Natural Soda Powder Coconut Surfactant and EWG Green Grade",NAEG50097252837-7-P1,,45,45,Delivered,,14-May-24,14-May-24,15-May-24,,,15-May-24
76776,noon,AE,FBN,NAEG50097206396-5,Z6A1912F4F72A10D25AF2Z-1,skin1004,"Madagascar Centella Cream - 75ML | Quadruple Ceramide Complex | Strengthens Skin Barrier | Moisturizes and Soothes Dry, Sensitive Skin",NAEG50097206396-5-P1,,65,65,Delivered,,15-May-24,15-May-24,16-May-24,,,16-May-24
76776,noon,AE,FBN,NAEG50018835331-2,Z6A1912F4F72A10D25AF2Z-1,skin1004,"Madagascar Centella Cream - 75ML | Quadruple Ceramide Complex | Strengthens Skin Barrier | Moisturizes and Soothes Dry, Sensitive Skin",NAEG50018835331-2-P1,,65,65,Undelivered,,15-May-24,16-May-24,,,23-May-24,17-May-24
76776,noon,AE,FBN,NAEG50091690904-3,Z2CF1F013BE2F3B126F31Z-1,skin1004,"Madagascar Centella Poremizing Clear Toner 7.1 fl.oz, 210ml for Keratin Plug and Sensitive Skin",NAEG50091690904-3-P1,,45,40.5,Delivered,,16-May-24,16-May-24,18-May-24,,,18-May-24
76776,noon,AE,FBN,NAEG50048447008-4,ZC80B7C6FEA9CEFAA3629Z-1,skin1004,"Madagascar Centella Tea-Trica BHA Foam 4.22 fl.oz, 125ml, Professional Cleansing Care and Relief to Acne-Prone Skin",NAEG50048447008-4-P1,,45,45,Delivered,,16-May-24,17-May-24,19-May-24,,,18-May-24
76776,noon,AE,FBN,NAEG50018842886-7,Z2CF1F013BE2F3B126F31Z-1,skin1004,"Madagascar Centella Poremizing Clear Toner 7.1 fl.oz, 210ml for Keratin Plug and Sensitive Skin",NAEG50018842886-7-P1,,45,40.5,Delivered,,17-May-24,17-May-24,19-May-24,,,19-May-24
76776,noon,AE,FBN,NAEG50094996408-12,Z4B7CCA023722F5CDDB5BZ-1,skin1004,"MADAGASCAR CENTELLA PROBIO-CICA ENRICH CREAM, Formulated Probio-Cica and TECA for Calming Effects  50ML SKIN1004",NAEG50094996408-12-P1,,72.65,72.65,Delivered,,17-May-24,18-May-24,21-May-24,,,21-May-24
76776,noon,AE,FBN,NAEG50010266155-1,Z2CF1F013BE2F3B126F31Z-1,skin1004,"Madagascar Centella Poremizing Clear Toner 7.1 fl.oz, 210ml for Keratin Plug and Sensitive Skin",NAEG50010266155-1-P1,,45,45,Delivered,,18-May-24,19-May-24,20-May-24,,,20-May-24
76776,noon,AE,FBN,NAEG50050808657-4,ZC80B7C6FEA9CEFAA3629Z-1,skin1004,"Madagascar Centella Tea-Trica BHA Foam 4.22 fl.oz, 125ml, Professional Cleansing Care and Relief to Acne-Prone Skin",NAEG50050808657-4-P1,,45,45,Delivered,,18-May-24,19-May-24,19-May-24,,,19-May-24
76776,noon,AE,FBN,NAEG50023741367-1,Z866D609D8132D484063BZ-1,skin1004,"Madagascar Centella Ampoule Foam 4.22 fl.oz, 125ml, Low pH Foam Cleanser, Natural Soda Powder Coconut Surfactant and EWG Green Grade",NAEG50023741367-1-P1,,45,45,Delivered,,18-May-24,18-May-24,19-May-24,,,19-May-24
76776,noon,AE,FBN,NAEG50069947684-2,Z2CF1F013BE2F3B126F31Z-1,skin1004,"Madagascar Centella Poremizing Clear Toner 7.1 fl.oz, 210ml for Keratin Plug and Sensitive Skin",NAEG50069947684-2-P1,,45,45,Delivered,,19-May-24,20-May-24,21-May-24,,,21-May-24
76776,noon,AE,FBN,NAEG50034939424-1,Z2CF1F013BE2F3B126F31Z-1,skin1004,"Madagascar Centella Poremizing Clear Toner 7.1 fl.oz, 210ml for Keratin Plug and Sensitive Skin",NAEG50034939424-1-P1,,45,40.5,Delivered,,19-May-24,19-May-24,19-May-24,,,19-May-24
76776,noon,AE,FBN,NAEG50062920730-3,Z2CF1F013BE2F3B126F31Z-1,skin1004,"Madagascar Centella Poremizing Clear Toner 7.1 fl.oz, 210ml for Keratin Plug and Sensitive Skin",NAEG50062920730-3-P1,,45,45,Delivered,,20-May-24,20-May-24,21-May-24,,,21-May-24
76776,noon,AE,FBN,NAEG50060235206-4,Z2CF1F013BE2F3B126F31Z-1,skin1004,"Madagascar Centella Poremizing Clear Toner 7.1 fl.oz, 210ml for Keratin Plug and Sensitive Skin",NAEG50060235206-4-P1,,45,45,Delivered,,20-May-24,21-May-24,21-May-24,,,21-May-24
76776,noon,AE,FBN,NAEG50016443352-2,Z6A1912F4F72A10D25AF2Z-1,skin1004,"Madagascar Centella Cream - 75ML | Quadruple Ceramide Complex | Strengthens Skin Barrier | Moisturizes and Soothes Dry, Sensitive Skin",NAEG50016443352-2-P1,,65,58.5,Delivered,,21-May-24,21-May-24,22-May-24,,,23-May-24
76776,noon,AE,FBN,NAEG50013085118-2,Z35D01DAEB419A9E86B23Z-1,skin1004,Madagascar Centella Air-fit Suncream Plus 1.69 fl. oz (50ml),NAEG50013085118-2-P1,,52,46.8,Delivered,,22-May-24,22-May-24,23-May-24,,,23-May-24
76776,noon,AE,FBN,NAEG50096070132-4,Z721AB9DC10097861A942Z-1,skin1004,"Tea-Trica Relief Ampoule 3.38 fl. oz, 100ml, Soothing Hydration for Sensitive Skin",NAEG50096070132-4-P1,,75,67.5,Delivered,,22-May-24,23-May-24,24-May-24,,,24-May-24
76776,noon,AE,FBN,NAEG50092186754-8,Z2CF1F013BE2F3B126F31Z-1,skin1004,"Madagascar Centella Poremizing Clear Toner 7.1 fl.oz, 210ml for Keratin Plug and Sensitive Skin",NAEG50092186754-8-P1,,45,40.5,Delivered,,22-May-24,22-May-24,23-May-24,,,23-May-24
76776,noon,AE,FBN,NAEG50069434895-4,Z2CF1F013BE2F3B126F31Z-1,skin1004,"Madagascar Centella Poremizing Clear Toner 7.1 fl.oz, 210ml for Keratin Plug and Sensitive Skin",NAEG50069434895-4-P1,,45,45,Delivered,,22-May-24,22-May-24,23-May-24,,,23-May-24
76776,noon,AE,FBN,NAEG50029500037-2,Z866D609D8132D484063BZ-1,skin1004,"Madagascar Centella Ampoule Foam 4.22 fl.oz, 125ml, Low pH Foam Cleanser, Natural Soda Powder Coconut Surfactant and EWG Green Grade",NAEG50029500037-2-P1,,45,45,Delivered,,22-May-24,23-May-24,24-May-24,,,24-May-24
76776,noon,AE,FBN,NAEG50001486076-3,Z6A1912F4F72A10D25AF2Z-1,skin1004,"Madagascar Centella Cream - 75ML | Quadruple Ceramide Complex | Strengthens Skin Barrier | Moisturizes and Soothes Dry, Sensitive Skin",NAEG50001486076-3-P1,,65,58.5,Delivered,,22-May-24,23-May-24,24-May-24,,,23-May-24
76776,noon,AE,FBN,NAEG50006762527-3,Z6A1912F4F72A10D25AF2Z-1,skin1004,"Madagascar Centella Cream - 75ML | Quadruple Ceramide Complex | Strengthens Skin Barrier | Moisturizes and Soothes Dry, Sensitive Skin",NAEG50006762527-3-P1,,65,,Cancelled,,22-May-24,,,22-May-24,,23-May-24
76776,noon,AE,FBN,NAEG50031267655-3,Z6A1912F4F72A10D25AF2Z-1,skin1004,"Madagascar Centella Cream - 75ML | Quadruple Ceramide Complex | Strengthens Skin Barrier | Moisturizes and Soothes Dry, Sensitive Skin",NAEG50031267655-3-P1,,65,65,Delivered,,22-May-24,22-May-24,26-May-24,,,24-May-24
76776,noon,AE,FBN,NAEG50025387479-5,Z866D609D8132D484063BZ-1,skin1004,"Madagascar Centella Ampoule Foam 4.22 fl.oz, 125ml, Low pH Foam Cleanser, Natural Soda Powder Coconut Surfactant and EWG Green Grade",NAEG50025387479-5-P1,,42.2,,Cancelled,,24-May-24,,,24-May-24,,25-May-24
76776,noon,AE,FBN,NAEG50089956593-3,Z866D609D8132D484063BZ-1,skin1004,"Madagascar Centella Ampoule Foam 4.22 fl.oz, 125ml, Low pH Foam Cleanser, Natural Soda Powder Coconut Surfactant and EWG Green Grade",NAEG50089956593-3-P1,,42.2,42.2,Delivered,,24-May-24,24-May-24,25-May-24,,,25-May-24
76776,noon,AE,FBN,NAEG50026624874-9,Z6A1912F4F72A10D25AF2Z-1,skin1004,"Madagascar Centella Cream - 75ML | Quadruple Ceramide Complex | Strengthens Skin Barrier | Moisturizes and Soothes Dry, Sensitive Skin",NAEG50026624874-9-P1,,69,69,Delivered,,25-May-24,25-May-24,27-May-24,,,26-May-24
76776,noon,AE,FBN,NAEG50026624874-10,Z6A1912F4F72A10D25AF2Z-1,skin1004,"Madagascar Centella Cream - 75ML | Quadruple Ceramide Complex | Strengthens Skin Barrier | Moisturizes and Soothes Dry, Sensitive Skin",NAEG50026624874-10-P1,,69,69,Delivered,,25-May-24,25-May-24,27-May-24,,,26-May-24
76776,noon,AE,FBN,NAEG50026624874-8,Z6A1912F4F72A10D25AF2Z-1,skin1004,"Madagascar Centella Cream - 75ML | Quadruple Ceramide Complex | Strengthens Skin Barrier | Moisturizes and Soothes Dry, Sensitive Skin",NAEG50026624874-8-P1,,69,69,Delivered,,25-May-24,25-May-24,27-May-24,,,26-May-24
76776,noon,AE,FBN,NAEG50027358314-8,ZC80B7C6FEA9CEFAA3629Z-1,skin1004,"Madagascar Centella Tea-Trica BHA Foam 4.22 fl.oz, 125ml, Professional Cleansing Care and Relief to Acne-Prone Skin",NAEG50027358314-8-P1,,39,39,Delivered,,26-May-24,27-May-24,28-May-24,,,28-May-24
76776,noon,AE,FBN,NAEG50080488204-7,ZC80B7C6FEA9CEFAA3629Z-1,skin1004,"Madagascar Centella Tea-Trica BHA Foam 4.22 fl.oz, 125ml, Professional Cleansing Care and Relief to Acne-Prone Skin",NAEG50080488204-7-P1,,39,39,Delivered,,26-May-24,26-May-24,27-May-24,,,26-May-24
76776,noon,AE,FBN,NAEG50024889313-3,ZC80B7C6FEA9CEFAA3629Z-1,skin1004,"Madagascar Centella Tea-Trica BHA Foam 4.22 fl.oz, 125ml, Professional Cleansing Care and Relief to Acne-Prone Skin",NAEG50024889313-3-P1,,39,39,Delivered,,26-May-24,26-May-24,27-May-24,,,27-May-24
76776,noon,AE,FBN,NAEG50044100065-8,Z866D609D8132D484063BZ-1,skin1004,"Madagascar Centella Ampoule Foam 4.22 fl.oz, 125ml, Low pH Foam Cleanser, Natural Soda Powder Coconut Surfactant and EWG Green Grade",NAEG50044100065-8-P1,,46.95,46.95,Delivered,,26-May-24,27-May-24,27-May-24,,,27-May-24
76776,noon,AE,FBN,NAEG50079625898-5,Z6A1912F4F72A10D25AF2Z-1,skin1004,"Madagascar Centella Cream - 75ML | Quadruple Ceramide Complex | Strengthens Skin Barrier | Moisturizes and Soothes Dry, Sensitive Skin",NAEG50079625898-5-P1,,69,69,Delivered,,27-May-24,28-May-24,30-May-24,,,28-May-24
76776,noon,AE,FBN,NAEG50052106798-2,Z41CF9316A8AF3D9EBF9BZ-1,skin1004,"Madagascar Centella Poremizing Deep Cleansing Foam 4.22 fl.oz, 125ml, Remove Pore-Clogging Debris",NAEG50052106798-2-P1,,55,55,Delivered,,28-May-24,29-May-24,30-May-24,,,29-May-24
76776,noon,AE,FBN,NAEG50070771706-2,ZC80B7C6FEA9CEFAA3629Z-1,skin1004,"Madagascar Centella Tea-Trica BHA Foam 4.22 fl.oz, 125ml, Professional Cleansing Care and Relief to Acne-Prone Skin",NAEG50070771706-2-P1,,39,39,Delivered,,28-May-24,28-May-24,29-May-24,,,29-May-24
76776,noon,AE,FBN,NAEG50045068425-3,ZC80B7C6FEA9CEFAA3629Z-1,skin1004,"Madagascar Centella Tea-Trica BHA Foam 4.22 fl.oz, 125ml, Professional Cleansing Care and Relief to Acne-Prone Skin",NAEG50045068425-3-P1,,39,39,Delivered,,28-May-24,28-May-24,30-May-24,,,30-May-24
76776,noon,AE,FBN,NAEG50000584002-2,Z866D609D8132D484063BZ-1,skin1004,"Madagascar Centella Ampoule Foam 4.22 fl.oz, 125ml, Low pH Foam Cleanser, Natural Soda Powder Coconut Surfactant and EWG Green Grade",NAEG50000584002-2-P1,,45,45,Delivered,,29-May-24,29-May-24,30-May-24,,,30-May-24
76776,noon,AE,FBN,NAEG50022953611-6,ZC80B7C6FEA9CEFAA3629Z-1,skin1004,"Madagascar Centella Tea-Trica BHA Foam 4.22 fl.oz, 125ml, Professional Cleansing Care and Relief to Acne-Prone Skin",NAEG50022953611-6-P1,,39,39,Delivered,,30-May-24,03-Jun-24,04-Jun-24,,,04-Jun-24
76776,noon,AE,FBN,NAEG50013708087-1,Z866D609D8132D484063BZ-1,skin1004,"Madagascar Centella Ampoule Foam 4.22 fl.oz, 125ml, Low pH Foam Cleanser, Natural Soda Powder Coconut Surfactant and EWG Green Grade",NAEG50013708087-1-P1,,45,45,Delivered,,30-May-24,30-May-24,31-May-24,,,31-May-24
76776,noon,AE,FBN,NAEG50025258987-4,Z97B7E9B417E08E63D989Z-1,skin1004,Madagascar Centella Quick Calming Pad 70ea(130ml) | Quick Calming Effects Soothing | for Sensitive Skin,NAEG50025258987-4-P1,,52.25,52.25,Delivered,,31-May-24,31-May-24,01-Jun-24,,,01-Jun-24
76776,noon,AE,FBN,NAEG50080174792-4,ZC80B7C6FEA9CEFAA3629Z-1,skin1004,"Madagascar Centella Tea-Trica BHA Foam 4.22 fl.oz, 125ml, Professional Cleansing Care and Relief to Acne-Prone Skin",NAEG50080174792-4-P1,,39,39,Delivered,,31-May-24,01-Jun-24,02-Jun-24,,,01-Jun-24
76776,noon,AE,FBN,NAEG50072244067-2,Z866D609D8132D484063BZ-1,skin1004,"Madagascar Centella Ampoule Foam 4.22 fl.oz, 125ml, Low pH Foam Cleanser, Natural Soda Powder Coconut Surfactant and EWG Green Grade",NAEG50072244067-2-P1,,45,45,Delivered,,31-May-24,01-Jun-24,01-Jun-24,,,01-Jun-24
76776,noon,AE,FBN,NAEG50088333583-2,Z6A1912F4F72A10D25AF2Z-1,skin1004,"Madagascar Centella Cream - 75ML | Quadruple Ceramide Complex | Strengthens Skin Barrier | Moisturizes and Soothes Dry, Sensitive Skin",NAEG50088333583-2-P1,,65,65,Delivered,,31-May-24,01-Jun-24,02-Jun-24,,,02-Jun-24
76776,noon,AE,FBN,NAEG50031446990-2,Z3C48F221B8278C9A2B49Z-1,Vegetology,Mild Cleansing Foam 150ml | Mildly Acidic Cleansing Foam Gentle Care Formula Cleanser For Sensitive Skin With Natural Ingredients |Skin Texture Boosting,NAEG50031446990-2-P1,,45,45,Delivered,,29-May-24,29-May-24,30-May-24,,,30-May-24
